Day,State,Status,N
1,NSW,Killed,42
1,NSW,Healed,2306
1,NSW,Suscep,6862001
1,NSW,NoSymp,634
1,NSW,InSymp,687
1,NSW,Critic,20
1,NSW,Isolated,0
1,VIC,Killed,18
1,VIC,Healed,1300
1,VIC,Suscep,5451419
1,VIC,NoSymp,60
1,VIC,InSymp,66
1,VIC,Critic,1
1,VIC,Isolated,0
1,QLD,Killed,6
1,QLD,Healed,976
1,QLD,Suscep,4256264
1,QLD,NoSymp,48
1,QLD,InSymp,53
1,QLD,Critic,1
1,QLD,Isolated,0
1,WA,Killed,9
1,WA,Healed,523
1,WA,Suscep,1541219
1,WA,NoSymp,17
1,WA,InSymp,19
1,WA,Critic,0
1,WA,Isolated,0
1,SA,Killed,4
1,SA,Healed,427
1,SA,Suscep,2239619
1,SA,NoSymp,6
1,SA,InSymp,7
1,SA,Critic,0
1,SA,Isolated,0
1,TAS,Killed,13
1,TAS,Healed,158
1,TAS,Suscep,460098
1,TAS,NoSymp,46
1,TAS,InSymp,50
1,TAS,Critic,1
1,TAS,Isolated,0
1,ACT,Killed,3
1,ACT,Healed,103
1,ACT,Suscep,183832
1,ACT,NoSymp,0
1,ACT,InSymp,0
1,ACT,Critic,0
1,ACT,Isolated,0
1,NT,Killed,0
1,NT,Healed,25
1,NT,Suscep,359549
1,NT,NoSymp,4
1,NT,InSymp,5
1,NT,Critic,0
1,NT,Isolated,0
1,OTH,Killed,0
1,OTH,Healed,0
1,OTH,Suscep,3246
1,OTH,NoSymp,0
1,OTH,InSymp,0
1,OTH,Critic,0
1,OTH,Isolated,0
2,NSW,Killed,42
2,NSW,Healed,2311
2,NSW,Suscep,6858732
2,NSW,NoSymp,3557
2,NSW,InSymp,1012
2,NSW,Critic,36
2,NSW,Isolated,0
2,VIC,Killed,18
2,VIC,Healed,1300
2,VIC,Suscep,5451108
2,VIC,NoSymp,342
2,VIC,InSymp,94
2,VIC,Critic,2
2,VIC,Isolated,0
2,QLD,Killed,6
2,QLD,Healed,976
2,QLD,Suscep,4256026
2,QLD,NoSymp,263
2,QLD,InSymp,75
2,QLD,Critic,2
2,QLD,Isolated,0
2,WA,Killed,9
2,WA,Healed,523
2,WA,Suscep,1541129
2,WA,NoSymp,97
2,WA,InSymp,27
2,WA,Critic,2
2,WA,Isolated,0
2,SA,Killed,4
2,SA,Healed,427
2,SA,Suscep,2239589
2,SA,NoSymp,34
2,SA,InSymp,9
2,SA,Critic,0
2,SA,Isolated,0
2,TAS,Killed,13
2,TAS,Healed,158
2,TAS,Suscep,459892
2,TAS,NoSymp,226
2,TAS,InSymp,73
2,TAS,Critic,4
2,TAS,Isolated,0
2,ACT,Killed,3
2,ACT,Healed,103
2,ACT,Suscep,183832
2,ACT,NoSymp,0
2,ACT,InSymp,0
2,ACT,Critic,0
2,ACT,Isolated,0
2,NT,Killed,0
2,NT,Healed,25
2,NT,Suscep,359533
2,NT,NoSymp,18
2,NT,InSymp,7
2,NT,Critic,0
2,NT,Isolated,0
2,OTH,Killed,0
2,OTH,Healed,0
2,OTH,Suscep,3246
2,OTH,NoSymp,0
2,OTH,InSymp,0
2,OTH,Critic,0
2,OTH,Isolated,0
3,NSW,Killed,42
3,NSW,Healed,2317
3,NSW,Suscep,6857524
3,NSW,NoSymp,4609
3,NSW,InSymp,1139
3,NSW,Critic,59
3,NSW,Isolated,0
3,VIC,Killed,18
3,VIC,Healed,1300
3,VIC,Suscep,5451011
3,VIC,NoSymp,423
3,VIC,InSymp,109
3,VIC,Critic,3
3,VIC,Isolated,0
3,QLD,Killed,6
3,QLD,Healed,976
3,QLD,Suscep,4256003
3,QLD,NoSymp,274
3,QLD,InSymp,84
3,QLD,Critic,5
3,QLD,Isolated,0
3,WA,Killed,9
3,WA,Healed,523
3,WA,Suscep,1541093
3,WA,NoSymp,130
3,WA,InSymp,30
3,WA,Critic,2
3,WA,Isolated,0
3,SA,Killed,4
3,SA,Healed,427
3,SA,Suscep,2239566
3,SA,NoSymp,56
3,SA,InSymp,9
3,SA,Critic,1
3,SA,Isolated,0
3,TAS,Killed,13
3,TAS,Healed,158
3,TAS,Suscep,459798
3,TAS,NoSymp,308
3,TAS,InSymp,83
3,TAS,Critic,6
3,TAS,Isolated,0
3,ACT,Killed,3
3,ACT,Healed,103
3,ACT,Suscep,183832
3,ACT,NoSymp,0
3,ACT,InSymp,0
3,ACT,Critic,0
3,ACT,Isolated,0
3,NT,Killed,0
3,NT,Healed,25
3,NT,Suscep,359533
3,NT,NoSymp,17
3,NT,InSymp,8
3,NT,Critic,0
3,NT,Isolated,0
3,OTH,Killed,0
3,OTH,Healed,0
3,OTH,Suscep,3246
3,OTH,NoSymp,0
3,OTH,InSymp,0
3,OTH,Critic,0
3,OTH,Isolated,0
4,NSW,Killed,42
4,NSW,Healed,2323
4,NSW,Suscep,6855106
4,NSW,NoSymp,6964
4,NSW,InSymp,1170
4,NSW,Critic,85
4,NSW,Isolated,0
4,VIC,Killed,18
4,VIC,Healed,1302
4,VIC,Suscep,5450877
4,VIC,NoSymp,551
4,VIC,InSymp,110
4,VIC,Critic,6
4,VIC,Isolated,0
4,QLD,Killed,6
4,QLD,Healed,978
4,QLD,Suscep,4255961
4,QLD,NoSymp,309
4,QLD,InSymp,88
4,QLD,Critic,6
4,QLD,Isolated,0
4,WA,Killed,9
4,WA,Healed,523
4,WA,Suscep,1541064
4,WA,NoSymp,157
4,WA,InSymp,32
4,WA,Critic,2
4,WA,Isolated,0
4,SA,Killed,4
4,SA,Healed,427
4,SA,Suscep,2239556
4,SA,NoSymp,65
4,SA,InSymp,10
4,SA,Critic,1
4,SA,Isolated,0
4,TAS,Killed,13
4,TAS,Healed,158
4,TAS,Suscep,459720
4,TAS,NoSymp,384
4,TAS,InSymp,83
4,TAS,Critic,8
4,TAS,Isolated,0
4,ACT,Killed,3
4,ACT,Healed,103
4,ACT,Suscep,183832
4,ACT,NoSymp,0
4,ACT,InSymp,0
4,ACT,Critic,0
4,ACT,Isolated,0
4,NT,Killed,0
4,NT,Healed,25
4,NT,Suscep,359533
4,NT,NoSymp,16
4,NT,InSymp,9
4,NT,Critic,0
4,NT,Isolated,0
4,OTH,Killed,0
4,OTH,Healed,0
4,OTH,Suscep,3246
4,OTH,NoSymp,0
4,OTH,InSymp,0
4,OTH,Critic,0
4,OTH,Isolated,0
5,NSW,Killed,42
5,NSW,Healed,2347
5,NSW,Suscep,6851767
5,NSW,NoSymp,10275
5,NSW,InSymp,1160
5,NSW,Critic,99
5,NSW,Isolated,0
5,VIC,Killed,18
5,VIC,Healed,1303
5,VIC,Suscep,5450661
5,VIC,NoSymp,761
5,VIC,InSymp,114
5,VIC,Critic,7
5,VIC,Isolated,0
5,QLD,Killed,6
5,QLD,Healed,978
5,QLD,Suscep,4255931
5,QLD,NoSymp,337
5,QLD,InSymp,87
5,QLD,Critic,9
5,QLD,Isolated,0
5,WA,Killed,9
5,WA,Healed,523
5,WA,Suscep,1541043
5,WA,NoSymp,177
5,WA,InSymp,32
5,WA,Critic,3
5,WA,Isolated,0
5,SA,Killed,4
5,SA,Healed,428
5,SA,Suscep,2239549
5,SA,NoSymp,72
5,SA,InSymp,9
5,SA,Critic,1
5,SA,Isolated,0
5,TAS,Killed,13
5,TAS,Healed,162
5,TAS,Suscep,459621
5,TAS,NoSymp,478
5,TAS,InSymp,82
5,TAS,Critic,10
5,TAS,Isolated,0
5,ACT,Killed,3
5,ACT,Healed,103
5,ACT,Suscep,183832
5,ACT,NoSymp,0
5,ACT,InSymp,0
5,ACT,Critic,0
5,ACT,Isolated,0
5,NT,Killed,0
5,NT,Healed,25
5,NT,Suscep,359533
5,NT,NoSymp,16
5,NT,InSymp,9
5,NT,Critic,0
5,NT,Isolated,0
5,OTH,Killed,0
5,OTH,Healed,0
5,OTH,Suscep,3246
5,OTH,NoSymp,0
5,OTH,InSymp,0
5,OTH,Critic,0
5,OTH,Isolated,0
6,NSW,Killed,42
6,NSW,Healed,2382
6,NSW,Suscep,6847178
6,NSW,NoSymp,14840
6,NSW,InSymp,1113
6,NSW,Critic,135
6,NSW,Isolated,0
6,VIC,Killed,18
6,VIC,Healed,1308
6,VIC,Suscep,5449741
6,VIC,NoSymp,1680
6,VIC,InSymp,110
6,VIC,Critic,7
6,VIC,Isolated,0
6,QLD,Killed,6
6,QLD,Healed,980
6,QLD,Suscep,4255766
6,QLD,NoSymp,499
6,QLD,InSymp,87
6,QLD,Critic,10
6,QLD,Isolated,0
6,WA,Killed,9
6,WA,Healed,523
6,WA,Suscep,1541003
6,WA,NoSymp,216
6,WA,InSymp,32
6,WA,Critic,4
6,WA,Isolated,0
6,SA,Killed,4
6,SA,Healed,428
6,SA,Suscep,2239541
6,SA,NoSymp,79
6,SA,InSymp,10
6,SA,Critic,1
6,SA,Isolated,0
6,TAS,Killed,13
6,TAS,Healed,165
6,TAS,Suscep,459547
6,TAS,NoSymp,551
6,TAS,InSymp,79
6,TAS,Critic,11
6,TAS,Isolated,0
6,ACT,Killed,3
6,ACT,Healed,103
6,ACT,Suscep,183832
6,ACT,NoSymp,0
6,ACT,InSymp,0
6,ACT,Critic,0
6,ACT,Isolated,0
6,NT,Killed,0
6,NT,Healed,25
6,NT,Suscep,359533
6,NT,NoSymp,16
6,NT,InSymp,9
6,NT,Critic,0
6,NT,Isolated,0
6,OTH,Killed,0
6,OTH,Healed,0
6,OTH,Suscep,3246
6,OTH,NoSymp,0
6,OTH,InSymp,0
6,OTH,Critic,0
6,OTH,Isolated,0
7,NSW,Killed,42
7,NSW,Healed,2439
7,NSW,Suscep,6839360
7,NSW,NoSymp,22616
7,NSW,InSymp,1074
7,NSW,Critic,159
7,NSW,Isolated,0
7,VIC,Killed,18
7,VIC,Healed,1314
7,VIC,Suscep,5448723
7,VIC,NoSymp,2697
7,VIC,InSymp,102
7,VIC,Critic,10
7,VIC,Isolated,0
7,QLD,Killed,6
7,QLD,Healed,982
7,QLD,Suscep,4255097
7,QLD,NoSymp,1158
7,QLD,InSymp,95
7,QLD,Critic,10
7,QLD,Isolated,0
7,WA,Killed,9
7,WA,Healed,523
7,WA,Suscep,1540980
7,WA,NoSymp,233
7,WA,InSymp,37
7,WA,Critic,5
7,WA,Isolated,0
7,SA,Killed,4
7,SA,Healed,429
7,SA,Suscep,2239484
7,SA,NoSymp,136
7,SA,InSymp,9
7,SA,Critic,1
7,SA,Isolated,0
7,TAS,Killed,13
7,TAS,Healed,170
7,TAS,Suscep,459346
7,TAS,NoSymp,752
7,TAS,InSymp,73
7,TAS,Critic,12
7,TAS,Isolated,0
7,ACT,Killed,3
7,ACT,Healed,103
7,ACT,Suscep,183832
7,ACT,NoSymp,0
7,ACT,InSymp,0
7,ACT,Critic,0
7,ACT,Isolated,0
7,NT,Killed,0
7,NT,Healed,26
7,NT,Suscep,359533
7,NT,NoSymp,16
7,NT,InSymp,8
7,NT,Critic,0
7,NT,Isolated,0
7,OTH,Killed,0
7,OTH,Healed,0
7,OTH,Suscep,3246
7,OTH,NoSymp,0
7,OTH,InSymp,0
7,OTH,Critic,0
7,OTH,Isolated,0
8,NSW,Killed,42
8,NSW,Healed,2500
8,NSW,Suscep,6830716
8,NSW,NoSymp,29116
8,NSW,InSymp,3064
8,NSW,Critic,212
8,NSW,Isolated,40
8,VIC,Killed,18
8,VIC,Healed,1323
8,VIC,Suscep,5447409
8,VIC,NoSymp,3796
8,VIC,InSymp,305
8,VIC,Critic,13
8,VIC,Isolated,0
8,QLD,Killed,6
8,QLD,Healed,985
8,QLD,Suscep,4254564
8,QLD,NoSymp,1555
8,QLD,InSymp,209
8,QLD,Critic,14
8,QLD,Isolated,15
8,WA,Killed,9
8,WA,Healed,528
8,WA,Suscep,1540903
8,WA,NoSymp,247
8,WA,InSymp,76
8,WA,Critic,7
8,WA,Isolated,17
8,SA,Killed,4
8,SA,Healed,430
8,SA,Suscep,2239457
8,SA,NoSymp,140
8,SA,InSymp,30
8,SA,Critic,2
8,SA,Isolated,0
8,TAS,Killed,13
8,TAS,Healed,177
8,TAS,Suscep,459095
8,TAS,NoSymp,849
8,TAS,InSymp,217
8,TAS,Critic,15
8,TAS,Isolated,0
8,ACT,Killed,3
8,ACT,Healed,103
8,ACT,Suscep,183832
8,ACT,NoSymp,0
8,ACT,InSymp,0
8,ACT,Critic,0
8,ACT,Isolated,0
8,NT,Killed,0
8,NT,Healed,28
8,NT,Suscep,359533
8,NT,NoSymp,8
8,NT,InSymp,14
8,NT,Critic,0
8,NT,Isolated,0
8,OTH,Killed,0
8,OTH,Healed,0
8,OTH,Suscep,3246
8,OTH,NoSymp,0
8,OTH,InSymp,0
8,OTH,Critic,0
8,OTH,Isolated,0
9,NSW,Killed,42
9,NSW,Healed,2585
9,NSW,Suscep,6817845
9,NSW,NoSymp,39704
9,NSW,InSymp,4235
9,NSW,Critic,286
9,NSW,Isolated,993
9,VIC,Killed,18
9,VIC,Healed,1332
9,VIC,Suscep,5445820
9,VIC,NoSymp,5197
9,VIC,InSymp,409
9,VIC,Critic,20
9,VIC,Isolated,68
9,QLD,Killed,6
9,QLD,Healed,991
9,QLD,Suscep,4253346
9,QLD,NoSymp,2688
9,QLD,InSymp,271
9,QLD,Critic,18
9,QLD,Isolated,28
9,WA,Killed,9
9,WA,Healed,530
9,WA,Suscep,1540878
9,WA,NoSymp,220
9,WA,InSymp,93
9,WA,Critic,8
9,WA,Isolated,49
9,SA,Killed,4
9,SA,Healed,430
9,SA,Suscep,2239327
9,SA,NoSymp,244
9,SA,InSymp,41
9,SA,Critic,1
9,SA,Isolated,16
9,TAS,Killed,13
9,TAS,Healed,181
9,TAS,Suscep,458798
9,TAS,NoSymp,1013
9,TAS,InSymp,263
9,TAS,Critic,23
9,TAS,Isolated,75
9,ACT,Killed,3
9,ACT,Healed,103
9,ACT,Suscep,183832
9,ACT,NoSymp,0
9,ACT,InSymp,0
9,ACT,Critic,0
9,ACT,Isolated,0
9,NT,Killed,0
9,NT,Healed,28
9,NT,Suscep,359533
9,NT,NoSymp,4
9,NT,InSymp,17
9,NT,Critic,1
9,NT,Isolated,0
9,OTH,Killed,0
9,OTH,Healed,0
9,OTH,Suscep,3246
9,OTH,NoSymp,0
9,OTH,InSymp,0
9,OTH,Critic,0
9,OTH,Isolated,0
10,NSW,Killed,42
10,NSW,Healed,2704
10,NSW,Suscep,6794890
10,NSW,NoSymp,59717
10,NSW,InSymp,5063
10,NSW,Critic,357
10,NSW,Isolated,2917
10,VIC,Killed,18
10,VIC,Healed,1338
10,VIC,Suscep,5442371
10,VIC,NoSymp,8473
10,VIC,InSymp,463
10,VIC,Critic,25
10,VIC,Isolated,176
10,QLD,Killed,6
10,QLD,Healed,1002
10,QLD,Suscep,4252233
10,QLD,NoSymp,3748
10,QLD,InSymp,273
10,QLD,Critic,24
10,QLD,Isolated,62
10,WA,Killed,9
10,WA,Healed,532
10,WA,Suscep,1540766
10,WA,NoSymp,299
10,WA,InSymp,93
10,WA,Critic,14
10,WA,Isolated,74
10,SA,Killed,4
10,SA,Healed,431
10,SA,Suscep,2239291
10,SA,NoSymp,266
10,SA,InSymp,45
10,SA,Critic,1
10,SA,Isolated,25
10,TAS,Killed,13
10,TAS,Healed,189
10,TAS,Suscep,457766
10,TAS,NoSymp,1952
10,TAS,InSymp,283
10,TAS,Critic,29
10,TAS,Isolated,134
10,ACT,Killed,3
10,ACT,Healed,103
10,ACT,Suscep,183832
10,ACT,NoSymp,0
10,ACT,InSymp,0
10,ACT,Critic,0
10,ACT,Isolated,0
10,NT,Killed,0
10,NT,Healed,28
10,NT,Suscep,359533
10,NT,NoSymp,2
10,NT,InSymp,19
10,NT,Critic,1
10,NT,Isolated,0
10,OTH,Killed,0
10,OTH,Healed,0
10,OTH,Suscep,3246
10,OTH,NoSymp,0
10,OTH,InSymp,0
10,OTH,Critic,0
10,OTH,Isolated,0
11,NSW,Killed,42
11,NSW,Healed,2834
11,NSW,Suscep,6769255
11,NSW,NoSymp,81713
11,NSW,InSymp,5750
11,NSW,Critic,429
11,NSW,Isolated,5667
11,VIC,Killed,18
11,VIC,Healed,1353
11,VIC,Suscep,5438625
11,VIC,NoSymp,11902
11,VIC,InSymp,584
11,VIC,Critic,35
11,VIC,Isolated,347
11,QLD,Killed,6
11,QLD,Healed,1010
11,QLD,Suscep,4250610
11,QLD,NoSymp,5264
11,QLD,InSymp,331
11,QLD,Critic,36
11,QLD,Isolated,91
11,WA,Killed,9
11,WA,Healed,539
11,WA,Suscep,1540697
11,WA,NoSymp,335
11,WA,InSymp,107
11,WA,Critic,9
11,WA,Isolated,91
11,SA,Killed,4
11,SA,Healed,431
11,SA,Suscep,2239240
11,SA,NoSymp,308
11,SA,InSymp,46
11,SA,Critic,2
11,SA,Isolated,32
11,TAS,Killed,13
11,TAS,Healed,197
11,TAS,Suscep,456488
11,TAS,NoSymp,3123
11,TAS,InSymp,297
11,TAS,Critic,32
11,TAS,Isolated,216
11,ACT,Killed,3
11,ACT,Healed,103
11,ACT,Suscep,183832
11,ACT,NoSymp,0
11,ACT,InSymp,0
11,ACT,Critic,0
11,ACT,Isolated,0
11,NT,Killed,0
11,NT,Healed,28
11,NT,Suscep,359533
11,NT,NoSymp,2
11,NT,InSymp,18
11,NT,Critic,2
11,NT,Isolated,0
11,OTH,Killed,0
11,OTH,Healed,0
11,OTH,Suscep,3246
11,OTH,NoSymp,0
11,OTH,InSymp,0
11,OTH,Critic,0
11,OTH,Isolated,0
12,NSW,Killed,42
12,NSW,Healed,2958
12,NSW,Suscep,6740483
12,NSW,NoSymp,105255
12,NSW,InSymp,7065
12,NSW,Critic,547
12,NSW,Isolated,9340
12,VIC,Killed,18
12,VIC,Healed,1366
12,VIC,Suscep,5433415
12,VIC,NoSymp,16188
12,VIC,InSymp,741
12,VIC,Critic,49
12,VIC,Isolated,1087
12,QLD,Killed,6
12,QLD,Healed,1022
12,QLD,Suscep,4249262
12,QLD,NoSymp,6391
12,QLD,InSymp,413
12,QLD,Critic,38
12,QLD,Isolated,216
12,WA,Killed,9
12,WA,Healed,542
12,WA,Suscep,1540643
12,WA,NoSymp,351
12,WA,InSymp,120
12,WA,Critic,8
12,WA,Isolated,114
12,SA,Killed,4
12,SA,Healed,433
12,SA,Suscep,2239111
12,SA,NoSymp,410
12,SA,InSymp,64
12,SA,Critic,3
12,SA,Isolated,38
12,TAS,Killed,13
12,TAS,Healed,205
12,TAS,Suscep,455158
12,TAS,NoSymp,4335
12,TAS,InSymp,345
12,TAS,Critic,30
12,TAS,Isolated,280
12,ACT,Killed,3
12,ACT,Healed,103
12,ACT,Suscep,183832
12,ACT,NoSymp,0
12,ACT,InSymp,0
12,ACT,Critic,0
12,ACT,Isolated,0
12,NT,Killed,0
12,NT,Healed,28
12,NT,Suscep,359533
12,NT,NoSymp,1
12,NT,InSymp,17
12,NT,Critic,4
12,NT,Isolated,0
12,OTH,Killed,0
12,OTH,Healed,0
12,OTH,Suscep,3246
12,OTH,NoSymp,0
12,OTH,InSymp,0
12,OTH,Critic,0
12,OTH,Isolated,0
13,NSW,Killed,42
13,NSW,Healed,3096
13,NSW,Suscep,6706794
13,NSW,NoSymp,130426
13,NSW,InSymp,6294
13,NSW,Critic,264
13,NSW,Isolated,18774
13,VIC,Killed,18
13,VIC,Healed,1381
13,VIC,Suscep,5427405
13,VIC,NoSymp,21043
13,VIC,InSymp,764
13,VIC,Critic,30
13,VIC,Isolated,2223
13,QLD,Killed,6
13,QLD,Healed,1031
13,QLD,Suscep,4248428
13,QLD,NoSymp,6553
13,QLD,InSymp,345
13,QLD,Critic,19
13,QLD,Isolated,966
13,WA,Killed,9
13,WA,Healed,545
13,WA,Suscep,1540620
13,WA,NoSymp,320
13,WA,InSymp,84
13,WA,Critic,6
13,WA,Isolated,203
13,SA,Killed,4
13,SA,Healed,435
13,SA,Suscep,2239013
13,SA,NoSymp,457
13,SA,InSymp,37
13,SA,Critic,0
13,SA,Isolated,117
13,TAS,Killed,13
13,TAS,Healed,215
13,TAS,Suscep,453414
13,TAS,NoSymp,5884
13,TAS,InSymp,187
13,TAS,Critic,5
13,TAS,Isolated,648
13,ACT,Killed,3
13,ACT,Healed,103
13,ACT,Suscep,183832
13,ACT,NoSymp,0
13,ACT,InSymp,0
13,ACT,Critic,0
13,ACT,Isolated,0
13,NT,Killed,0
13,NT,Healed,29
13,NT,Suscep,359533
13,NT,NoSymp,0
13,NT,InSymp,1
13,NT,Critic,2
13,NT,Isolated,18
13,OTH,Killed,0
13,OTH,Healed,0
13,OTH,Suscep,3246
13,OTH,NoSymp,0
13,OTH,InSymp,0
13,OTH,Critic,0
13,OTH,Isolated,0
14,NSW,Killed,42
14,NSW,Healed,3223
14,NSW,Suscep,6664264
14,NSW,NoSymp,163763
14,NSW,InSymp,8236
14,NSW,Critic,373
14,NSW,Isolated,25789
14,VIC,Killed,18
14,VIC,Healed,1397
14,VIC,Suscep,5419674
14,VIC,NoSymp,27443
14,VIC,InSymp,981
14,VIC,Critic,48
14,VIC,Isolated,3303
14,QLD,Killed,6
14,QLD,Healed,1043
14,QLD,Suscep,4247091
14,QLD,NoSymp,7224
14,QLD,InSymp,567
14,QLD,Critic,30
14,QLD,Isolated,1387
14,WA,Killed,9
14,WA,Healed,550
14,WA,Suscep,1540477
14,WA,NoSymp,418
14,WA,InSymp,64
14,WA,Critic,6
14,WA,Isolated,263
14,SA,Killed,4
14,SA,Healed,437
14,SA,Suscep,2238968
14,SA,NoSymp,447
14,SA,InSymp,66
14,SA,Critic,0
14,SA,Isolated,141
14,TAS,Killed,13
14,TAS,Healed,227
14,TAS,Suscep,451205
14,TAS,NoSymp,7825
14,TAS,InSymp,249
14,TAS,Critic,11
14,TAS,Isolated,836
14,ACT,Killed,3
14,ACT,Healed,103
14,ACT,Suscep,183832
14,ACT,NoSymp,0
14,ACT,InSymp,0
14,ACT,Critic,0
14,ACT,Isolated,0
14,NT,Killed,0
14,NT,Healed,30
14,NT,Suscep,359533
14,NT,NoSymp,0
14,NT,InSymp,1
14,NT,Critic,2
14,NT,Isolated,17
14,OTH,Killed,0
14,OTH,Healed,0
14,OTH,Suscep,3246
14,OTH,NoSymp,0
14,OTH,InSymp,0
14,OTH,Critic,0
14,OTH,Isolated,0
15,NSW,Killed,42
15,NSW,Healed,3394
15,NSW,Suscep,6614501
15,NSW,NoSymp,199350
15,NSW,InSymp,12040
15,NSW,Critic,526
15,NSW,Isolated,35837
15,VIC,Killed,18
15,VIC,Healed,1412
15,VIC,Suscep,5410429
15,VIC,NoSymp,34843
15,VIC,InSymp,1557
15,VIC,Critic,81
15,VIC,Isolated,4524
15,QLD,Killed,6
15,QLD,Healed,1050
15,QLD,Suscep,4245251
15,QLD,NoSymp,7928
15,QLD,InSymp,687
15,QLD,Critic,34
15,QLD,Isolated,2392
15,WA,Killed,9
15,WA,Healed,555
15,WA,Suscep,1540289
15,WA,NoSymp,552
15,WA,InSymp,97
15,WA,Critic,6
15,WA,Isolated,279
15,SA,Killed,4
15,SA,Healed,440
15,SA,Suscep,2238928
15,SA,NoSymp,404
15,SA,InSymp,53
15,SA,Critic,1
15,SA,Isolated,233
15,TAS,Killed,13
15,TAS,Healed,237
15,TAS,Suscep,447494
15,TAS,NoSymp,11132
15,TAS,InSymp,405
15,TAS,Critic,18
15,TAS,Isolated,1067
15,ACT,Killed,3
15,ACT,Healed,103
15,ACT,Suscep,183832
15,ACT,NoSymp,0
15,ACT,InSymp,0
15,ACT,Critic,0
15,ACT,Isolated,0
15,NT,Killed,0
15,NT,Healed,31
15,NT,Suscep,359533
15,NT,NoSymp,0
15,NT,InSymp,1
15,NT,Critic,1
15,NT,Isolated,17
15,OTH,Killed,0
15,OTH,Healed,0
15,OTH,Suscep,3246
15,OTH,NoSymp,0
15,OTH,InSymp,0
15,OTH,Critic,0
15,OTH,Isolated,0
16,NSW,Killed,42
16,NSW,Healed,3592
16,NSW,Suscep,6561922
16,NSW,NoSymp,231761
16,NSW,InSymp,19611
16,NSW,Critic,860
16,NSW,Isolated,47902
16,VIC,Killed,18
16,VIC,Healed,1432
16,VIC,Suscep,5399839
16,VIC,NoSymp,41987
16,VIC,InSymp,2137
16,VIC,Critic,103
16,VIC,Isolated,7348
16,QLD,Killed,6
16,QLD,Healed,1065
16,QLD,Suscep,4241985
16,QLD,NoSymp,9975
16,QLD,InSymp,1028
16,QLD,Critic,50
16,QLD,Isolated,3239
16,WA,Killed,9
16,WA,Healed,560
16,WA,Suscep,1540127
16,WA,NoSymp,615
16,WA,InSymp,97
16,WA,Critic,7
16,WA,Isolated,372
16,SA,Killed,4
16,SA,Healed,443
16,SA,Suscep,2238851
16,SA,NoSymp,429
16,SA,InSymp,75
16,SA,Critic,3
16,SA,Isolated,258
16,TAS,Killed,13
16,TAS,Healed,249
16,TAS,Suscep,443101
16,TAS,NoSymp,14452
16,TAS,InSymp,592
16,TAS,Critic,24
16,TAS,Isolated,1935
16,ACT,Killed,3
16,ACT,Healed,103
16,ACT,Suscep,183832
16,ACT,NoSymp,0
16,ACT,InSymp,0
16,ACT,Critic,0
16,ACT,Isolated,0
16,NT,Killed,0
16,NT,Healed,35
16,NT,Suscep,359533
16,NT,NoSymp,0
16,NT,InSymp,0
16,NT,Critic,0
16,NT,Isolated,15
16,OTH,Killed,0
16,OTH,Healed,0
16,OTH,Suscep,3246
16,OTH,NoSymp,0
16,OTH,InSymp,0
16,OTH,Critic,0
16,OTH,Isolated,0
17,NSW,Killed,42
17,NSW,Healed,3875
17,NSW,Suscep,6511586
17,NSW,NoSymp,258365
17,NSW,InSymp,29831
17,NSW,Critic,1342
17,NSW,Isolated,60649
17,VIC,Killed,18
17,VIC,Healed,1458
17,VIC,Suscep,5390578
17,VIC,NoSymp,47233
17,VIC,InSymp,2820
17,VIC,Critic,138
17,VIC,Isolated,10619
17,QLD,Killed,6
17,QLD,Healed,1086
17,QLD,Suscep,4239633
17,QLD,NoSymp,10875
17,QLD,InSymp,1136
17,QLD,Critic,67
17,QLD,Isolated,4545
17,WA,Killed,9
17,WA,Healed,563
17,WA,Suscep,1539940
17,WA,NoSymp,737
17,WA,InSymp,91
17,WA,Critic,7
17,WA,Isolated,440
17,SA,Killed,4
17,SA,Healed,446
17,SA,Suscep,2238790
17,SA,NoSymp,417
17,SA,InSymp,110
17,SA,Critic,4
17,SA,Isolated,292
17,TAS,Killed,13
17,TAS,Healed,261
17,TAS,Suscep,440061
17,TAS,NoSymp,16195
17,TAS,InSymp,819
17,TAS,Critic,34
17,TAS,Isolated,2983
17,ACT,Killed,3
17,ACT,Healed,103
17,ACT,Suscep,183832
17,ACT,NoSymp,0
17,ACT,InSymp,0
17,ACT,Critic,0
17,ACT,Isolated,0
17,NT,Killed,0
17,NT,Healed,35
17,NT,Suscep,359533
17,NT,NoSymp,0
17,NT,InSymp,0
17,NT,Critic,0
17,NT,Isolated,15
17,OTH,Killed,0
17,OTH,Healed,0
17,OTH,Suscep,3246
17,OTH,NoSymp,0
17,OTH,InSymp,0
17,OTH,Critic,0
17,OTH,Isolated,0
18,NSW,Killed,42
18,NSW,Healed,4366
18,NSW,Suscep,6461143
18,NSW,NoSymp,281628
18,NSW,InSymp,44185
18,NSW,Critic,2155
18,NSW,Isolated,72171
18,VIC,Killed,18
18,VIC,Healed,1503
18,VIC,Suscep,5382809
18,VIC,NoSymp,49783
18,VIC,InSymp,3540
18,VIC,Critic,161
18,VIC,Isolated,15050
18,QLD,Killed,6
18,QLD,Healed,1111
18,QLD,Suscep,4238474
18,QLD,NoSymp,10753
18,QLD,InSymp,1253
18,QLD,Critic,73
18,QLD,Isolated,5678
18,WA,Killed,9
18,WA,Healed,573
18,WA,Suscep,1539490
18,WA,NoSymp,1151
18,WA,InSymp,78
18,WA,Critic,8
18,WA,Isolated,478
18,SA,Killed,4
18,SA,Healed,451
18,SA,Suscep,2238746
18,SA,NoSymp,337
18,SA,InSymp,113
18,SA,Critic,6
18,SA,Isolated,406
18,TAS,Killed,13
18,TAS,Healed,287
18,TAS,Suscep,436816
18,TAS,NoSymp,18066
18,TAS,InSymp,1103
18,TAS,Critic,47
18,TAS,Isolated,4034
18,ACT,Killed,3
18,ACT,Healed,103
18,ACT,Suscep,183832
18,ACT,NoSymp,0
18,ACT,InSymp,0
18,ACT,Critic,0
18,ACT,Isolated,0
18,NT,Killed,0
18,NT,Healed,35
18,NT,Suscep,359533
18,NT,NoSymp,0
18,NT,InSymp,0
18,NT,Critic,0
18,NT,Isolated,15
18,OTH,Killed,0
18,OTH,Healed,0
18,OTH,Suscep,3246
18,OTH,NoSymp,0
18,OTH,InSymp,0
18,OTH,Critic,0
18,OTH,Isolated,0
19,NSW,Killed,42
19,NSW,Healed,5095
19,NSW,Suscep,6407114
19,NSW,NoSymp,303184
19,NSW,InSymp,62575
19,NSW,Critic,3319
19,NSW,Isolated,84361
19,VIC,Killed,18
19,VIC,Healed,1564
19,VIC,Suscep,5377876
19,VIC,NoSymp,48577
19,VIC,InSymp,4499
19,VIC,Critic,210
19,VIC,Isolated,20120
19,QLD,Killed,6
19,QLD,Healed,1148
19,QLD,Suscep,4235445
19,QLD,NoSymp,12861
19,QLD,InSymp,1391
19,QLD,Critic,102
19,QLD,Isolated,6395
19,WA,Killed,9
19,WA,Healed,585
19,WA,Suscep,1539184
19,WA,NoSymp,1396
19,WA,InSymp,115
19,WA,Critic,10
19,WA,Isolated,488
19,SA,Killed,4
19,SA,Healed,454
19,SA,Suscep,2238651
19,SA,NoSymp,354
19,SA,InSymp,115
19,SA,Critic,7
19,SA,Isolated,478
19,TAS,Killed,13
19,TAS,Healed,324
19,TAS,Suscep,434514
19,TAS,NoSymp,18588
19,TAS,InSymp,1391
19,TAS,Critic,61
19,TAS,Isolated,5475
19,ACT,Killed,3
19,ACT,Healed,103
19,ACT,Suscep,183832
19,ACT,NoSymp,0
19,ACT,InSymp,0
19,ACT,Critic,0
19,ACT,Isolated,0
19,NT,Killed,0
19,NT,Healed,36
19,NT,Suscep,359533
19,NT,NoSymp,0
19,NT,InSymp,0
19,NT,Critic,0
19,NT,Isolated,14
19,OTH,Killed,0
19,OTH,Healed,0
19,OTH,Suscep,3246
19,OTH,NoSymp,0
19,OTH,InSymp,0
19,OTH,Critic,0
19,OTH,Isolated,0
20,NSW,Killed,43
20,NSW,Healed,6152
20,NSW,Suscep,6351112
20,NSW,NoSymp,318275
20,NSW,InSymp,89226
20,NSW,Critic,4877
20,NSW,Isolated,96005
20,VIC,Killed,18
20,VIC,Healed,1673
20,VIC,Suscep,5373501
20,VIC,NoSymp,44794
20,VIC,InSymp,5976
20,VIC,Critic,293
20,VIC,Isolated,26609
20,QLD,Killed,6
20,QLD,Healed,1213
20,QLD,Suscep,4230887
20,QLD,NoSymp,15835
20,QLD,InSymp,1647
20,QLD,Critic,106
20,QLD,Isolated,7654
20,WA,Killed,9
20,WA,Healed,599
20,WA,Suscep,1538588
20,WA,NoSymp,1825
20,WA,InSymp,150
20,WA,Critic,12
20,WA,Isolated,604
20,SA,Killed,4
20,SA,Healed,464
20,SA,Suscep,2238560
20,SA,NoSymp,400
20,SA,InSymp,105
20,SA,Critic,8
20,SA,Isolated,522
20,TAS,Killed,13
20,TAS,Healed,371
20,TAS,Suscep,432967
20,TAS,NoSymp,17549
20,TAS,InSymp,2238
20,TAS,Critic,105
20,TAS,Isolated,7123
20,ACT,Killed,3
20,ACT,Healed,103
20,ACT,Suscep,183832
20,ACT,NoSymp,0
20,ACT,InSymp,0
20,ACT,Critic,0
20,ACT,Isolated,0
20,NT,Killed,0
20,NT,Healed,37
20,NT,Suscep,359533
20,NT,NoSymp,0
20,NT,InSymp,0
20,NT,Critic,0
20,NT,Isolated,13
20,OTH,Killed,0
20,OTH,Healed,0
20,OTH,Suscep,3246
20,OTH,NoSymp,0
20,OTH,InSymp,0
20,OTH,Critic,0
20,OTH,Isolated,0
21,NSW,Killed,43
21,NSW,Healed,7710
21,NSW,Suscep,6300144
21,NSW,NoSymp,323573
21,NSW,InSymp,120604
21,NSW,Critic,6960
21,NSW,Isolated,106656
21,VIC,Killed,18
21,VIC,Healed,1851
21,VIC,Suscep,5367739
21,VIC,NoSymp,40963
21,VIC,InSymp,7138
21,VIC,Critic,353
21,VIC,Isolated,34802
21,QLD,Killed,6
21,QLD,Healed,1301
21,QLD,Suscep,4226747
21,QLD,NoSymp,17922
21,QLD,InSymp,1960
21,QLD,Critic,112
21,QLD,Isolated,9300
21,WA,Killed,9
21,WA,Healed,620
21,WA,Suscep,1538249
21,WA,NoSymp,1984
21,WA,InSymp,163
21,WA,Critic,16
21,WA,Isolated,746
21,SA,Killed,4
21,SA,Healed,472
21,SA,Suscep,2238514
21,SA,NoSymp,385
21,SA,InSymp,124
21,SA,Critic,13
21,SA,Isolated,551
21,TAS,Killed,13
21,TAS,Healed,436
21,TAS,Suscep,431860
21,TAS,NoSymp,15594
21,TAS,InSymp,3934
21,TAS,Critic,168
21,TAS,Isolated,8361
21,ACT,Killed,3
21,ACT,Healed,103
21,ACT,Suscep,183832
21,ACT,NoSymp,0
21,ACT,InSymp,0
21,ACT,Critic,0
21,ACT,Isolated,0
21,NT,Killed,0
21,NT,Healed,39
21,NT,Suscep,359533
21,NT,NoSymp,0
21,NT,InSymp,0
21,NT,Critic,0
21,NT,Isolated,11
21,OTH,Killed,0
21,OTH,Healed,0
21,OTH,Suscep,3246
21,OTH,NoSymp,0
21,OTH,InSymp,0
21,OTH,Critic,0
21,OTH,Isolated,0
22,NSW,Killed,44
22,NSW,Healed,9991
22,NSW,Suscep,6247401
22,NSW,NoSymp,328906
22,NSW,InSymp,151431
22,NSW,Critic,9549
22,NSW,Isolated,118368
22,VIC,Killed,19
22,VIC,Healed,2124
22,VIC,Suscep,5358948
22,VIC,NoSymp,39594
22,VIC,InSymp,7457
22,VIC,Critic,403
22,VIC,Isolated,44319
22,QLD,Killed,6
22,QLD,Healed,1432
22,QLD,Suscep,4222930
22,QLD,NoSymp,18814
22,QLD,InSymp,2254
22,QLD,Critic,117
22,QLD,Isolated,11795
22,WA,Killed,9
22,WA,Healed,654
22,WA,Suscep,1537555
22,WA,NoSymp,2526
22,WA,InSymp,167
22,WA,Critic,13
22,WA,Isolated,863
22,SA,Killed,4
22,SA,Healed,481
22,SA,Suscep,2238460
22,SA,NoSymp,375
22,SA,InSymp,127
22,SA,Critic,14
22,SA,Isolated,602
22,TAS,Killed,13
22,TAS,Healed,519
22,TAS,Suscep,430981
22,TAS,NoSymp,12977
22,TAS,InSymp,5829
22,TAS,Critic,281
22,TAS,Isolated,9766
22,ACT,Killed,3
22,ACT,Healed,103
22,ACT,Suscep,183832
22,ACT,NoSymp,0
22,ACT,InSymp,0
22,ACT,Critic,0
22,ACT,Isolated,0
22,NT,Killed,0
22,NT,Healed,41
22,NT,Suscep,359533
22,NT,NoSymp,0
22,NT,InSymp,0
22,NT,Critic,0
22,NT,Isolated,9
22,OTH,Killed,0
22,OTH,Healed,0
22,OTH,Suscep,3246
22,OTH,NoSymp,0
22,OTH,InSymp,0
22,OTH,Critic,0
22,OTH,Isolated,0
23,NSW,Killed,47
23,NSW,Healed,13187
23,NSW,Suscep,6199676
23,NSW,NoSymp,327821
23,NSW,InSymp,182824
23,NSW,Critic,12705
23,NSW,Isolated,129430
23,VIC,Killed,19
23,VIC,Healed,2517
23,VIC,Suscep,5346764
23,VIC,NoSymp,42853
23,VIC,InSymp,7417
23,VIC,Critic,433
23,VIC,Isolated,52861
23,QLD,Killed,6
23,QLD,Healed,1619
23,QLD,Suscep,4221929
23,QLD,NoSymp,17670
23,QLD,InSymp,2087
23,QLD,Critic,129
23,QLD,Isolated,13908
23,WA,Killed,9
23,WA,Healed,685
23,WA,Suscep,1536570
23,WA,NoSymp,3285
23,WA,InSymp,216
23,WA,Critic,14
23,WA,Isolated,1008
23,SA,Killed,4
23,SA,Healed,500
23,SA,Suscep,2238446
23,SA,NoSymp,339
23,SA,InSymp,114
23,SA,Critic,15
23,SA,Isolated,645
23,TAS,Killed,13
23,TAS,Healed,636
23,TAS,Suscep,430496
23,TAS,NoSymp,10255
23,TAS,InSymp,7433
23,TAS,Critic,415
23,TAS,Isolated,11118
23,ACT,Killed,3
23,ACT,Healed,103
23,ACT,Suscep,183832
23,ACT,NoSymp,0
23,ACT,InSymp,0
23,ACT,Critic,0
23,ACT,Isolated,0
23,NT,Killed,0
23,NT,Healed,43
23,NT,Suscep,359533
23,NT,NoSymp,0
23,NT,InSymp,0
23,NT,Critic,0
23,NT,Isolated,7
23,OTH,Killed,0
23,OTH,Healed,0
23,OTH,Suscep,3246
23,OTH,NoSymp,0
23,OTH,InSymp,0
23,OTH,Critic,0
23,OTH,Isolated,0
24,NSW,Killed,49
24,NSW,Healed,17615
24,NSW,Suscep,6164833
24,NSW,NoSymp,313088
24,NSW,InSymp,213296
24,NSW,Critic,16473
24,NSW,Isolated,140336
24,VIC,Killed,19
24,VIC,Healed,3087
24,VIC,Suscep,5337046
24,VIC,NoSymp,45322
24,VIC,InSymp,7196
24,VIC,Critic,469
24,VIC,Isolated,59725
24,QLD,Killed,6
24,QLD,Healed,1850
24,QLD,Suscep,4220526
24,QLD,NoSymp,17433
24,QLD,InSymp,2659
24,QLD,Critic,170
24,QLD,Isolated,14704
24,WA,Killed,9
24,WA,Healed,712
24,WA,Suscep,1535829
24,WA,NoSymp,3613
24,WA,InSymp,263
24,WA,Critic,13
24,WA,Isolated,1348
24,SA,Killed,4
24,SA,Healed,519
24,SA,Suscep,2238396
24,SA,NoSymp,340
24,SA,InSymp,122
24,SA,Critic,15
24,SA,Isolated,667
24,TAS,Killed,13
24,TAS,Healed,818
24,TAS,Suscep,430002
24,TAS,NoSymp,7675
24,TAS,InSymp,8827
24,TAS,Critic,586
24,TAS,Isolated,12445
24,ACT,Killed,3
24,ACT,Healed,103
24,ACT,Suscep,183832
24,ACT,NoSymp,0
24,ACT,InSymp,0
24,ACT,Critic,0
24,ACT,Isolated,0
24,NT,Killed,0
24,NT,Healed,45
24,NT,Suscep,359533
24,NT,NoSymp,0
24,NT,InSymp,0
24,NT,Critic,0
24,NT,Isolated,5
24,OTH,Killed,0
24,OTH,Healed,0
24,OTH,Suscep,3246
24,OTH,NoSymp,0
24,OTH,InSymp,0
24,OTH,Critic,0
24,OTH,Isolated,0
25,NSW,Killed,50
25,NSW,Healed,23583
25,NSW,Suscep,6129339
25,NSW,NoSymp,296982
25,NSW,InSymp,245059
25,NSW,Critic,20699
25,NSW,Isolated,149978
25,VIC,Killed,19
25,VIC,Healed,3969
25,VIC,Suscep,5331885
25,VIC,NoSymp,45654
25,VIC,InSymp,6408
25,VIC,Critic,476
25,VIC,Isolated,64453
25,QLD,Killed,6
25,QLD,Healed,2150
25,QLD,Suscep,4218201
25,QLD,NoSymp,16562
25,QLD,InSymp,3250
25,QLD,Critic,205
25,QLD,Isolated,16974
25,WA,Killed,9
25,WA,Healed,758
25,WA,Suscep,1534513
25,WA,NoSymp,4558
25,WA,InSymp,368
25,WA,Critic,23
25,WA,Isolated,1558
25,SA,Killed,4
25,SA,Healed,552
25,SA,Suscep,2238346
25,SA,NoSymp,291
25,SA,InSymp,140
25,SA,Critic,14
25,SA,Isolated,716
25,TAS,Killed,13
25,TAS,Healed,1028
25,TAS,Suscep,429446
25,TAS,NoSymp,5958
25,TAS,InSymp,9564
25,TAS,Critic,728
25,TAS,Isolated,13629
25,ACT,Killed,3
25,ACT,Healed,103
25,ACT,Suscep,183832
25,ACT,NoSymp,0
25,ACT,InSymp,0
25,ACT,Critic,0
25,ACT,Isolated,0
25,NT,Killed,0
25,NT,Healed,46
25,NT,Suscep,359533
25,NT,NoSymp,0
25,NT,InSymp,0
25,NT,Critic,0
25,NT,Isolated,4
25,OTH,Killed,0
25,OTH,Healed,0
25,OTH,Suscep,3246
25,OTH,NoSymp,0
25,OTH,InSymp,0
25,OTH,Critic,0
25,OTH,Isolated,0
26,NSW,Killed,55
26,NSW,Healed,31576
26,NSW,Suscep,6093423
26,NSW,NoSymp,279687
26,NSW,InSymp,277019
26,NSW,Critic,25373
26,NSW,Isolated,158557
26,VIC,Killed,19
26,VIC,Healed,5119
26,VIC,Suscep,5328506
26,VIC,NoSymp,44353
26,VIC,InSymp,6250
26,VIC,Critic,484
26,VIC,Isolated,68133
26,QLD,Killed,6
26,QLD,Healed,2639
26,QLD,Suscep,4214381
26,QLD,NoSymp,16487
26,QLD,InSymp,4050
26,QLD,Critic,243
26,QLD,Isolated,19542
26,WA,Killed,9
26,WA,Healed,805
26,WA,Suscep,1533093
26,WA,NoSymp,5427
26,WA,InSymp,416
26,WA,Critic,24
26,WA,Isolated,2013
26,SA,Killed,4
26,SA,Healed,598
26,SA,Suscep,2238335
26,SA,NoSymp,224
26,SA,InSymp,139
26,SA,Critic,11
26,SA,Isolated,752
26,TAS,Killed,13
26,TAS,Healed,1352
26,TAS,Suscep,428874
26,TAS,NoSymp,4837
26,TAS,InSymp,9560
26,TAS,Critic,823
26,TAS,Isolated,14907
26,ACT,Killed,3
26,ACT,Healed,103
26,ACT,Suscep,183832
26,ACT,NoSymp,0
26,ACT,InSymp,0
26,ACT,Critic,0
26,ACT,Isolated,0
26,NT,Killed,0
26,NT,Healed,47
26,NT,Suscep,359533
26,NT,NoSymp,0
26,NT,InSymp,0
26,NT,Critic,0
26,NT,Isolated,3
26,OTH,Killed,0
26,OTH,Healed,0
26,OTH,Suscep,3246
26,OTH,NoSymp,0
26,OTH,InSymp,0
26,OTH,Critic,0
26,OTH,Isolated,0
27,NSW,Killed,64
27,NSW,Healed,42189
27,NSW,Suscep,6060698
27,NSW,NoSymp,258349
27,NSW,InSymp,307887
27,NSW,Critic,30255
27,NSW,Isolated,166248
27,VIC,Killed,20
27,VIC,Healed,6602
27,VIC,Suscep,5324937
27,VIC,NoSymp,41250
27,VIC,InSymp,6993
27,VIC,Critic,512
27,VIC,Isolated,72550
27,QLD,Killed,6
27,QLD,Healed,3206
27,QLD,Suscep,4211852
27,QLD,NoSymp,14930
27,QLD,InSymp,5483
27,QLD,Critic,307
27,QLD,Isolated,21564
27,WA,Killed,9
27,WA,Healed,859
27,WA,Suscep,1531075
27,WA,NoSymp,7010
27,WA,InSymp,563
27,WA,Critic,30
27,WA,Isolated,2241
27,SA,Killed,4
27,SA,Healed,636
27,SA,Suscep,2238325
27,SA,NoSymp,177
27,SA,InSymp,143
27,SA,Critic,8
27,SA,Isolated,770
27,TAS,Killed,13
27,TAS,Healed,1761
27,TAS,Suscep,428032
27,TAS,NoSymp,4419
27,TAS,InSymp,9443
27,TAS,Critic,936
27,TAS,Isolated,15762
27,ACT,Killed,3
27,ACT,Healed,103
27,ACT,Suscep,183832
27,ACT,NoSymp,0
27,ACT,InSymp,0
27,ACT,Critic,0
27,ACT,Isolated,0
27,NT,Killed,0
27,NT,Healed,48
27,NT,Suscep,359533
27,NT,NoSymp,0
27,NT,InSymp,0
27,NT,Critic,0
27,NT,Isolated,2
27,OTH,Killed,0
27,OTH,Healed,0
27,OTH,Suscep,3246
27,OTH,NoSymp,0
27,OTH,InSymp,0
27,OTH,Critic,0
27,OTH,Isolated,0
28,NSW,Killed,77
28,NSW,Healed,55312
28,NSW,Suscep,6023195
28,NSW,NoSymp,245150
28,NSW,InSymp,334258
28,NSW,Critic,35575
28,NSW,Isolated,172123
28,VIC,Killed,22
28,VIC,Healed,8686
28,VIC,Suscep,5320699
28,VIC,NoSymp,36340
28,VIC,InSymp,7672
28,VIC,Critic,548
28,VIC,Isolated,78897
28,QLD,Killed,6
28,QLD,Healed,3905
28,QLD,Suscep,4209655
28,QLD,NoSymp,13955
28,QLD,InSymp,5888
28,QLD,Critic,386
28,QLD,Isolated,23553
28,WA,Killed,9
28,WA,Healed,914
28,WA,Suscep,1528313
28,WA,NoSymp,9022
28,WA,InSymp,712
28,WA,Critic,33
28,WA,Isolated,2784
28,SA,Killed,4
28,SA,Healed,689
28,SA,Suscep,2238321
28,SA,NoSymp,143
28,SA,InSymp,133
28,SA,Critic,8
28,SA,Isolated,765
28,TAS,Killed,13
28,TAS,Healed,2367
28,TAS,Suscep,427324
28,TAS,NoSymp,4122
28,TAS,InSymp,8930
28,TAS,Critic,1021
28,TAS,Isolated,16589
28,ACT,Killed,3
28,ACT,Healed,103
28,ACT,Suscep,183832
28,ACT,NoSymp,0
28,ACT,InSymp,0
28,ACT,Critic,0
28,ACT,Isolated,0
28,NT,Killed,0
28,NT,Healed,48
28,NT,Suscep,359533
28,NT,NoSymp,0
28,NT,InSymp,0
28,NT,Critic,0
28,NT,Isolated,2
28,OTH,Killed,0
28,OTH,Healed,0
28,OTH,Suscep,3246
28,OTH,NoSymp,0
28,OTH,InSymp,0
28,OTH,Critic,0
28,OTH,Isolated,0
29,NSW,Killed,89
29,NSW,Healed,71983
29,NSW,Suscep,5976823
29,NSW,NoSymp,245566
29,NSW,InSymp,352743
29,NSW,Critic,40862
29,NSW,Isolated,177624
29,VIC,Killed,23
29,VIC,Healed,11372
29,VIC,Suscep,5316103
29,VIC,NoSymp,29312
29,VIC,InSymp,7868
29,VIC,Critic,553
29,VIC,Isolated,87633
29,QLD,Killed,7
29,QLD,Healed,4754
29,QLD,Suscep,4209532
29,QLD,NoSymp,12653
29,QLD,InSymp,6064
29,QLD,Critic,474
29,QLD,Isolated,23864
29,WA,Killed,9
29,WA,Healed,970
29,WA,Suscep,1524395
29,WA,NoSymp,12031
29,WA,InSymp,696
29,WA,Critic,28
29,WA,Isolated,3658
29,SA,Killed,4
29,SA,Healed,732
29,SA,Suscep,2238318
29,SA,NoSymp,118
29,SA,InSymp,136
29,SA,Critic,12
29,SA,Isolated,743
29,TAS,Killed,13
29,TAS,Healed,3153
29,TAS,Suscep,426444
29,TAS,NoSymp,4340
29,TAS,InSymp,8258
29,TAS,Critic,1059
29,TAS,Isolated,17099
29,ACT,Killed,3
29,ACT,Healed,103
29,ACT,Suscep,183832
29,ACT,NoSymp,0
29,ACT,InSymp,0
29,ACT,Critic,0
29,ACT,Isolated,0
29,NT,Killed,0
29,NT,Healed,50
29,NT,Suscep,359533
29,NT,NoSymp,0
29,NT,InSymp,0
29,NT,Critic,0
29,NT,Isolated,0
29,OTH,Killed,0
29,OTH,Healed,0
29,OTH,Suscep,3246
29,OTH,NoSymp,0
29,OTH,InSymp,0
29,OTH,Critic,0
29,OTH,Isolated,0
30,NSW,Killed,112
30,NSW,Healed,92270
30,NSW,Suscep,5945186
30,NSW,NoSymp,237527
30,NSW,InSymp,363166
30,NSW,Critic,45508
30,NSW,Isolated,181921
30,VIC,Killed,23
30,VIC,Healed,14604
30,VIC,Suscep,5311471
30,VIC,NoSymp,25342
30,VIC,InSymp,7097
30,VIC,Critic,583
30,VIC,Isolated,93744
30,QLD,Killed,7
30,QLD,Healed,5681
30,QLD,Suscep,4209519
30,QLD,NoSymp,11046
30,QLD,InSymp,5654
30,QLD,Critic,474
30,QLD,Isolated,24967
30,WA,Killed,9
30,WA,Healed,1044
30,WA,Suscep,1519042
30,WA,NoSymp,16511
30,WA,InSymp,901
30,WA,Critic,38
30,WA,Isolated,4242
30,SA,Killed,4
30,SA,Healed,774
30,SA,Suscep,2238296
30,SA,NoSymp,93
30,SA,InSymp,120
30,SA,Critic,16
30,SA,Isolated,760
30,TAS,Killed,13
30,TAS,Healed,4178
30,TAS,Suscep,425793
30,TAS,NoSymp,4373
30,TAS,InSymp,7316
30,TAS,Critic,1127
30,TAS,Isolated,17566
30,ACT,Killed,3
30,ACT,Healed,103
30,ACT,Suscep,183832
30,ACT,NoSymp,0
30,ACT,InSymp,0
30,ACT,Critic,0
30,ACT,Isolated,0
30,NT,Killed,0
30,NT,Healed,50
30,NT,Suscep,359533
30,NT,NoSymp,0
30,NT,InSymp,0
30,NT,Critic,0
30,NT,Isolated,0
30,OTH,Killed,0
30,OTH,Healed,0
30,OTH,Suscep,3246
30,OTH,NoSymp,0
30,OTH,InSymp,0
30,OTH,Critic,0
30,OTH,Isolated,0
31,NSW,Killed,141
31,NSW,Healed,116605
31,NSW,Suscep,5925213
31,NSW,NoSymp,220455
31,NSW,InSymp,368913
31,NSW,Critic,49916
31,NSW,Isolated,184447
31,VIC,Killed,25
31,VIC,Healed,18667
31,VIC,Suscep,5307938
31,VIC,NoSymp,23749
31,VIC,InSymp,7097
31,VIC,Critic,631
31,VIC,Isolated,94757
31,QLD,Killed,7
31,QLD,Healed,6826
31,QLD,Suscep,4209495
31,QLD,NoSymp,8751
31,QLD,InSymp,5787
31,QLD,Critic,451
31,QLD,Isolated,26031
31,WA,Killed,9
31,WA,Healed,1115
31,WA,Suscep,1515050
31,WA,NoSymp,19214
31,WA,InSymp,1001
31,WA,Critic,39
31,WA,Isolated,5359
31,SA,Killed,4
31,SA,Healed,835
31,SA,Suscep,2238296
31,SA,NoSymp,55
31,SA,InSymp,104
31,SA,Critic,15
31,SA,Isolated,754
31,TAS,Killed,14
31,TAS,Healed,5411
31,TAS,Suscep,425465
31,TAS,NoSymp,4080
31,TAS,InSymp,6490
31,TAS,Critic,1129
31,TAS,Isolated,17777
31,ACT,Killed,3
31,ACT,Healed,103
31,ACT,Suscep,183832
31,ACT,NoSymp,0
31,ACT,InSymp,0
31,ACT,Critic,0
31,ACT,Isolated,0
31,NT,Killed,0
31,NT,Healed,50
31,NT,Suscep,359533
31,NT,NoSymp,0
31,NT,InSymp,0
31,NT,Critic,0
31,NT,Isolated,0
31,OTH,Killed,0
31,OTH,Healed,0
31,OTH,Suscep,3246
31,OTH,NoSymp,0
31,OTH,InSymp,0
31,OTH,Critic,0
31,OTH,Isolated,0
32,NSW,Killed,176
32,NSW,Healed,145273
32,NSW,Suscep,5908466
32,NSW,NoSymp,201353
32,NSW,InSymp,371082
32,NSW,Critic,53846
32,NSW,Isolated,185494
32,VIC,Killed,27
32,VIC,Healed,23492
32,VIC,Suscep,5305743
32,VIC,NoSymp,22384
32,VIC,InSymp,6661
32,VIC,Critic,631
32,VIC,Isolated,93926
32,QLD,Killed,7
32,QLD,Healed,8144
32,QLD,Suscep,4209487
32,QLD,NoSymp,5511
32,QLD,InSymp,6118
32,QLD,Critic,481
32,QLD,Isolated,27600
32,WA,Killed,9
32,WA,Healed,1218
32,WA,Suscep,1514213
32,WA,NoSymp,18555
32,WA,InSymp,1302
32,WA,Critic,54
32,WA,Isolated,6436
32,SA,Killed,4
32,SA,Healed,896
32,SA,Suscep,2238280
32,SA,NoSymp,58
32,SA,InSymp,101
32,SA,Critic,17
32,SA,Isolated,707
32,TAS,Killed,14
32,TAS,Healed,6950
32,TAS,Suscep,424862
32,TAS,NoSymp,3989
32,TAS,InSymp,5755
32,TAS,Critic,1118
32,TAS,Isolated,17678
32,ACT,Killed,3
32,ACT,Healed,103
32,ACT,Suscep,183832
32,ACT,NoSymp,0
32,ACT,InSymp,0
32,ACT,Critic,0
32,ACT,Isolated,0
32,NT,Killed,0
32,NT,Healed,50
32,NT,Suscep,359533
32,NT,NoSymp,0
32,NT,InSymp,0
32,NT,Critic,0
32,NT,Isolated,0
32,OTH,Killed,0
32,OTH,Healed,0
32,OTH,Suscep,3246
32,OTH,NoSymp,0
32,OTH,InSymp,0
32,OTH,Critic,0
32,OTH,Isolated,0
33,NSW,Killed,209
33,NSW,Healed,177452
33,NSW,Suscep,5894012
33,NSW,NoSymp,180778
33,NSW,InSymp,371015
33,NSW,Critic,57135
33,NSW,Isolated,185089
33,VIC,Killed,28
33,VIC,Healed,28904
33,VIC,Suscep,5302648
33,VIC,NoSymp,21650
33,VIC,InSymp,5949
33,VIC,Critic,589
33,VIC,Isolated,93096
33,QLD,Killed,10
33,QLD,Healed,9662
33,QLD,Suscep,4209480
33,QLD,NoSymp,2701
33,QLD,InSymp,6567
33,QLD,Critic,525
33,QLD,Isolated,28403
33,WA,Killed,9
33,WA,Healed,1353
33,WA,Suscep,1513931
33,WA,NoSymp,16685
33,WA,InSymp,1677
33,WA,Critic,80
33,WA,Isolated,8052
33,SA,Killed,4
33,SA,Healed,973
33,SA,Suscep,2238280
33,SA,NoSymp,48
33,SA,InSymp,82
33,SA,Critic,15
33,SA,Isolated,661
33,TAS,Killed,15
33,TAS,Healed,8817
33,TAS,Suscep,423808
33,TAS,NoSymp,4177
33,TAS,InSymp,5119
33,TAS,Critic,1114
33,TAS,Isolated,17316
33,ACT,Killed,3
33,ACT,Healed,103
33,ACT,Suscep,183832
33,ACT,NoSymp,0
33,ACT,InSymp,0
33,ACT,Critic,0
33,ACT,Isolated,0
33,NT,Killed,0
33,NT,Healed,50
33,NT,Suscep,359533
33,NT,NoSymp,0
33,NT,InSymp,0
33,NT,Critic,0
33,NT,Isolated,0
33,OTH,Killed,0
33,OTH,Healed,0
33,OTH,Suscep,3246
33,OTH,NoSymp,0
33,OTH,InSymp,0
33,OTH,Critic,0
33,OTH,Isolated,0
34,NSW,Killed,261
34,NSW,Healed,213798
34,NSW,Suscep,5878030
34,NSW,NoSymp,156342
34,NSW,InSymp,373631
34,NSW,Critic,59341
34,NSW,Isolated,184287
34,VIC,Killed,29
34,VIC,Healed,35002
34,VIC,Suscep,5299444
34,VIC,NoSymp,20222
34,VIC,InSymp,5294
34,VIC,Critic,502
34,VIC,Isolated,92371
34,QLD,Killed,10
34,QLD,Healed,11337
34,QLD,Suscep,4209479
34,QLD,NoSymp,642
34,QLD,InSymp,5900
34,QLD,Critic,559
34,QLD,Isolated,29421
34,WA,Killed,9
34,WA,Healed,1532
34,WA,Suscep,1513793
34,WA,NoSymp,13995
34,WA,InSymp,2418
34,WA,Critic,115
34,WA,Isolated,9925
34,SA,Killed,4
34,SA,Healed,1036
34,SA,Suscep,2238280
34,SA,NoSymp,42
34,SA,InSymp,74
34,SA,Critic,16
34,SA,Isolated,611
34,TAS,Killed,15
34,TAS,Healed,10873
34,TAS,Suscep,422934
34,TAS,NoSymp,4318
34,TAS,InSymp,4513
34,TAS,Critic,1050
34,TAS,Isolated,16663
34,ACT,Killed,3
34,ACT,Healed,103
34,ACT,Suscep,183832
34,ACT,NoSymp,0
34,ACT,InSymp,0
34,ACT,Critic,0
34,ACT,Isolated,0
34,NT,Killed,0
34,NT,Healed,50
34,NT,Suscep,359533
34,NT,NoSymp,0
34,NT,InSymp,0
34,NT,Critic,0
34,NT,Isolated,0
34,OTH,Killed,0
34,OTH,Healed,0
34,OTH,Suscep,3246
34,OTH,NoSymp,0
34,OTH,InSymp,0
34,OTH,Critic,0
34,OTH,Isolated,0
35,NSW,Killed,312
35,NSW,Healed,253144
35,NSW,Suscep,5862616
35,NSW,NoSymp,131170
35,NSW,InSymp,374241
35,NSW,Critic,61127
35,NSW,Isolated,183080
35,VIC,Killed,30
35,VIC,Healed,41511
35,VIC,Suscep,5298029
35,VIC,NoSymp,17067
35,VIC,InSymp,4764
35,VIC,Critic,458
35,VIC,Isolated,91005
35,QLD,Killed,10
35,QLD,Healed,13160
35,QLD,Suscep,4209472
35,QLD,NoSymp,274
35,QLD,InSymp,4863
35,QLD,Critic,547
35,QLD,Isolated,29022
35,WA,Killed,9
35,WA,Healed,1730
35,WA,Suscep,1513513
35,WA,NoSymp,10504
35,WA,InSymp,3645
35,WA,Critic,149
35,WA,Isolated,12237
35,SA,Killed,4
35,SA,Healed,1100
35,SA,Suscep,2238271
35,SA,NoSymp,43
35,SA,InSymp,67
35,SA,Critic,14
35,SA,Isolated,564
35,TAS,Killed,17
35,TAS,Healed,13070
35,TAS,Suscep,422279
35,TAS,NoSymp,4101
35,TAS,InSymp,3895
35,TAS,Critic,1000
35,TAS,Isolated,16004
35,ACT,Killed,3
35,ACT,Healed,103
35,ACT,Suscep,183832
35,ACT,NoSymp,0
35,ACT,InSymp,0
35,ACT,Critic,0
35,ACT,Isolated,0
35,NT,Killed,0
35,NT,Healed,50
35,NT,Suscep,359533
35,NT,NoSymp,0
35,NT,InSymp,0
35,NT,Critic,0
35,NT,Isolated,0
35,OTH,Killed,0
35,OTH,Healed,0
35,OTH,Suscep,3246
35,OTH,NoSymp,0
35,OTH,InSymp,0
35,OTH,Critic,0
35,OTH,Isolated,0
36,NSW,Killed,375
36,NSW,Healed,294954
36,NSW,Suscep,5850455
36,NSW,NoSymp,110535
36,NSW,InSymp,364822
36,NSW,Critic,62325
36,NSW,Isolated,182224
36,VIC,Killed,31
36,VIC,Healed,48328
36,VIC,Suscep,5297019
36,VIC,NoSymp,13722
36,VIC,InSymp,4066
36,VIC,Critic,419
36,VIC,Isolated,89279
36,QLD,Killed,11
36,QLD,Healed,15175
36,QLD,Suscep,4209472
36,QLD,NoSymp,94
36,QLD,InSymp,3146
36,QLD,Critic,467
36,QLD,Isolated,28983
36,WA,Killed,9
36,WA,Healed,1942
36,WA,Suscep,1513227
36,WA,NoSymp,6190
36,WA,InSymp,5434
36,WA,Critic,225
36,WA,Isolated,14760
36,SA,Killed,4
36,SA,Healed,1173
36,SA,Suscep,2238271
36,SA,NoSymp,27
36,SA,InSymp,49
36,SA,Critic,10
36,SA,Isolated,529
36,TAS,Killed,19
36,TAS,Healed,15352
36,TAS,Suscep,421166
36,TAS,NoSymp,4594
36,TAS,InSymp,3322
36,TAS,Critic,917
36,TAS,Isolated,14996
36,ACT,Killed,3
36,ACT,Healed,103
36,ACT,Suscep,183832
36,ACT,NoSymp,0
36,ACT,InSymp,0
36,ACT,Critic,0
36,ACT,Isolated,0
36,NT,Killed,0
36,NT,Healed,50
36,NT,Suscep,359533
36,NT,NoSymp,0
36,NT,InSymp,0
36,NT,Critic,0
36,NT,Isolated,0
36,OTH,Killed,0
36,OTH,Healed,0
36,OTH,Suscep,3246
36,OTH,NoSymp,0
36,OTH,InSymp,0
36,OTH,Critic,0
36,OTH,Isolated,0
37,NSW,Killed,440
37,NSW,Healed,339911
37,NSW,Suscep,5843861
37,NSW,NoSymp,93156
37,NSW,InSymp,345270
37,NSW,Critic,62092
37,NSW,Isolated,180960
37,VIC,Killed,31
37,VIC,Healed,55400
37,VIC,Suscep,5295753
37,VIC,NoSymp,11896
37,VIC,InSymp,3450
37,VIC,Critic,406
37,VIC,Isolated,85928
37,QLD,Killed,13
37,QLD,Healed,17468
37,QLD,Suscep,4209472
37,QLD,NoSymp,37
37,QLD,InSymp,2110
37,QLD,Critic,395
37,QLD,Isolated,27853
37,WA,Killed,9
37,WA,Healed,2244
37,WA,Suscep,1512972
37,WA,NoSymp,3035
37,WA,InSymp,6153
37,WA,Critic,329
37,WA,Isolated,17045
37,SA,Killed,4
37,SA,Healed,1238
37,SA,Suscep,2238271
37,SA,NoSymp,19
37,SA,InSymp,53
37,SA,Critic,10
37,SA,Isolated,468
37,TAS,Killed,21
37,TAS,Healed,17697
37,TAS,Suscep,420048
37,TAS,NoSymp,5359
37,TAS,InSymp,2805
37,TAS,Critic,798
37,TAS,Isolated,13638
37,ACT,Killed,3
37,ACT,Healed,103
37,ACT,Suscep,183832
37,ACT,NoSymp,0
37,ACT,InSymp,0
37,ACT,Critic,0
37,ACT,Isolated,0
37,NT,Killed,0
37,NT,Healed,50
37,NT,Suscep,359533
37,NT,NoSymp,0
37,NT,InSymp,0
37,NT,Critic,0
37,NT,Isolated,0
37,OTH,Killed,0
37,OTH,Healed,0
37,OTH,Suscep,3246
37,OTH,NoSymp,0
37,OTH,InSymp,0
37,OTH,Critic,0
37,OTH,Isolated,0
38,NSW,Killed,512
38,NSW,Healed,386397
38,NSW,Suscep,5836699
38,NSW,NoSymp,80911
38,NSW,InSymp,322276
38,NSW,Critic,60736
38,NSW,Isolated,178159
38,VIC,Killed,35
38,VIC,Healed,62465
38,VIC,Suscep,5294726
38,VIC,NoSymp,10597
38,VIC,InSymp,3319
38,VIC,Critic,361
38,VIC,Isolated,81361
38,QLD,Killed,13
38,QLD,Healed,19932
38,QLD,Suscep,4209471
38,QLD,NoSymp,18
38,QLD,InSymp,1547
38,QLD,Critic,346
38,QLD,Isolated,26021
38,WA,Killed,9
38,WA,Healed,2613
38,WA,Suscep,1512703
38,WA,NoSymp,2085
38,WA,InSymp,6164
38,WA,Critic,404
38,WA,Isolated,17809
38,SA,Killed,4
38,SA,Healed,1303
38,SA,Suscep,2238271
38,SA,NoSymp,10
38,SA,InSymp,43
38,SA,Critic,9
38,SA,Isolated,423
38,TAS,Killed,22
38,TAS,Healed,19897
38,TAS,Suscep,418545
38,TAS,NoSymp,6185
38,TAS,InSymp,2415
38,TAS,Critic,660
38,TAS,Isolated,12642
38,ACT,Killed,3
38,ACT,Healed,103
38,ACT,Suscep,183832
38,ACT,NoSymp,0
38,ACT,InSymp,0
38,ACT,Critic,0
38,ACT,Isolated,0
38,NT,Killed,0
38,NT,Healed,50
38,NT,Suscep,359533
38,NT,NoSymp,0
38,NT,InSymp,0
38,NT,Critic,0
38,NT,Isolated,0
38,OTH,Killed,0
38,OTH,Healed,0
38,OTH,Suscep,3246
38,OTH,NoSymp,0
38,OTH,InSymp,0
38,OTH,Critic,0
38,OTH,Isolated,0
39,NSW,Killed,590
39,NSW,Healed,433444
39,NSW,Suscep,5825218
39,NSW,NoSymp,75843
39,NSW,InSymp,296738
39,NSW,Critic,58501
39,NSW,Isolated,175356
39,VIC,Killed,38
39,VIC,Healed,69923
39,VIC,Suscep,5292319
39,VIC,NoSymp,9849
39,VIC,InSymp,3247
39,VIC,Critic,354
39,VIC,Isolated,77134
39,QLD,Killed,14
39,QLD,Healed,22410
39,QLD,Suscep,4209432
39,QLD,NoSymp,51
39,QLD,InSymp,1262
39,QLD,Critic,326
39,QLD,Isolated,23853
39,WA,Killed,9
39,WA,Healed,3035
39,WA,Suscep,1512402
39,WA,NoSymp,1808
39,WA,InSymp,5540
39,WA,Critic,456
39,WA,Isolated,18537
39,SA,Killed,4
39,SA,Healed,1359
39,SA,Suscep,2238227
39,SA,NoSymp,53
39,SA,InSymp,41
39,SA,Critic,9
39,SA,Isolated,370
39,TAS,Killed,22
39,TAS,Healed,22014
39,TAS,Suscep,417728
39,TAS,NoSymp,5950
39,TAS,InSymp,2124
39,TAS,Critic,549
39,TAS,Isolated,11979
39,ACT,Killed,3
39,ACT,Healed,103
39,ACT,Suscep,183832
39,ACT,NoSymp,0
39,ACT,InSymp,0
39,ACT,Critic,0
39,ACT,Isolated,0
39,NT,Killed,0
39,NT,Healed,50
39,NT,Suscep,359533
39,NT,NoSymp,0
39,NT,InSymp,0
39,NT,Critic,0
39,NT,Isolated,0
39,OTH,Killed,0
39,OTH,Healed,0
39,OTH,Suscep,3246
39,OTH,NoSymp,0
39,OTH,InSymp,0
39,OTH,Critic,0
39,OTH,Isolated,0
40,NSW,Killed,662
40,NSW,Healed,480436
40,NSW,Suscep,5814171
40,NSW,NoSymp,70179
40,NSW,InSymp,271478
40,NSW,Critic,55500
40,NSW,Isolated,173264
40,VIC,Killed,40
40,VIC,Healed,77195
40,VIC,Suscep,5289484
40,VIC,NoSymp,9841
40,VIC,InSymp,2763
40,VIC,Critic,339
40,VIC,Isolated,73202
40,QLD,Killed,14
40,QLD,Healed,24999
40,QLD,Suscep,4209431
40,QLD,NoSymp,49
40,QLD,InSymp,1058
40,QLD,Critic,301
40,QLD,Isolated,21496
40,WA,Killed,9
40,WA,Healed,3568
40,WA,Suscep,1511307
40,WA,NoSymp,2601
40,WA,InSymp,4381
40,WA,Critic,447
40,WA,Isolated,19474
40,SA,Killed,4
40,SA,Healed,1427
40,SA,Suscep,2238221
40,SA,NoSymp,57
40,SA,InSymp,33
40,SA,Critic,7
40,SA,Isolated,314
40,TAS,Killed,23
40,TAS,Healed,23827
40,TAS,Suscep,417634
40,TAS,NoSymp,5241
40,TAS,InSymp,1712
40,TAS,Critic,440
40,TAS,Isolated,11489
40,ACT,Killed,3
40,ACT,Healed,103
40,ACT,Suscep,183832
40,ACT,NoSymp,0
40,ACT,InSymp,0
40,ACT,Critic,0
40,ACT,Isolated,0
40,NT,Killed,0
40,NT,Healed,50
40,NT,Suscep,359533
40,NT,NoSymp,0
40,NT,InSymp,0
40,NT,Critic,0
40,NT,Isolated,0
40,OTH,Killed,0
40,OTH,Healed,0
40,OTH,Suscep,3246
40,OTH,NoSymp,0
40,OTH,InSymp,0
40,OTH,Critic,0
40,OTH,Isolated,0
41,NSW,Killed,751
41,NSW,Healed,527179
41,NSW,Suscep,5806843
41,NSW,NoSymp,61021
41,NSW,InSymp,247050
41,NSW,Critic,52169
41,NSW,Isolated,170677
41,VIC,Killed,41
41,VIC,Healed,84562
41,VIC,Suscep,5286215
41,VIC,NoSymp,11629
41,VIC,InSymp,2612
41,VIC,Critic,307
41,VIC,Isolated,67498
41,QLD,Killed,14
41,QLD,Healed,27628
41,QLD,Suscep,4209428
41,QLD,NoSymp,45
41,QLD,InSymp,886
41,QLD,Critic,270
41,QLD,Isolated,19077
41,WA,Killed,9
41,WA,Healed,4254
41,WA,Suscep,1509561
41,WA,NoSymp,4016
41,WA,InSymp,3243
41,WA,Critic,401
41,WA,Isolated,20303
41,SA,Killed,4
41,SA,Healed,1486
41,SA,Suscep,2238221
41,SA,NoSymp,50
41,SA,InSymp,22
41,SA,Critic,7
41,SA,Isolated,273
41,TAS,Killed,25
41,TAS,Healed,25427
41,TAS,Suscep,417601
41,TAS,NoSymp,4465
41,TAS,InSymp,1641
41,TAS,Critic,355
41,TAS,Isolated,10852
41,ACT,Killed,3
41,ACT,Healed,103
41,ACT,Suscep,183832
41,ACT,NoSymp,0
41,ACT,InSymp,0
41,ACT,Critic,0
41,ACT,Isolated,0
41,NT,Killed,0
41,NT,Healed,50
41,NT,Suscep,359533
41,NT,NoSymp,0
41,NT,InSymp,0
41,NT,Critic,0
41,NT,Isolated,0
41,OTH,Killed,0
41,OTH,Healed,0
41,OTH,Suscep,3246
41,OTH,NoSymp,0
41,OTH,InSymp,0
41,OTH,Critic,0
41,OTH,Isolated,0
42,NSW,Killed,840
42,NSW,Healed,572459
42,NSW,Suscep,5800289
42,NSW,NoSymp,55154
42,NSW,InSymp,220745
42,NSW,Critic,48636
42,NSW,Isolated,167567
42,VIC,Killed,46
42,VIC,Healed,91589
42,VIC,Suscep,5284805
42,VIC,NoSymp,11922
42,VIC,InSymp,2510
42,VIC,Critic,280
42,VIC,Isolated,61712
42,QLD,Killed,15
42,QLD,Healed,30305
42,QLD,Suscep,4209419
42,QLD,NoSymp,53
42,QLD,InSymp,695
42,QLD,Critic,234
42,QLD,Isolated,16627
42,WA,Killed,9
42,WA,Healed,5111
42,WA,Suscep,1507674
42,WA,NoSymp,5573
42,WA,InSymp,2551
42,WA,Critic,360
42,WA,Isolated,20509
42,SA,Killed,4
42,SA,Healed,1542
42,SA,Suscep,2238211
42,SA,NoSymp,60
42,SA,InSymp,18
42,SA,Critic,5
42,SA,Isolated,223
42,TAS,Killed,26
42,TAS,Healed,26870
42,TAS,Suscep,417593
42,TAS,NoSymp,3393
42,TAS,InSymp,1512
42,TAS,Critic,283
42,TAS,Isolated,10689
42,ACT,Killed,3
42,ACT,Healed,103
42,ACT,Suscep,183832
42,ACT,NoSymp,0
42,ACT,InSymp,0
42,ACT,Critic,0
42,ACT,Isolated,0
42,NT,Killed,0
42,NT,Healed,50
42,NT,Suscep,359533
42,NT,NoSymp,0
42,NT,InSymp,0
42,NT,Critic,0
42,NT,Isolated,0
42,OTH,Killed,0
42,OTH,Healed,0
42,OTH,Suscep,3246
42,OTH,NoSymp,0
42,OTH,InSymp,0
42,OTH,Critic,0
42,OTH,Isolated,0
43,NSW,Killed,928
43,NSW,Healed,617120
43,NSW,Suscep,5795485
43,NSW,NoSymp,51424
43,NSW,InSymp,193004
43,NSW,Critic,44583
43,NSW,Isolated,163146
43,VIC,Killed,47
43,VIC,Healed,98487
43,VIC,Suscep,5284763
43,VIC,NoSymp,10801
43,VIC,InSymp,2132
43,VIC,Critic,260
43,VIC,Isolated,56374
43,QLD,Killed,15
43,QLD,Healed,32905
43,QLD,Suscep,4209403
43,QLD,NoSymp,68
43,QLD,InSymp,556
43,QLD,Critic,181
43,QLD,Isolated,14220
43,WA,Killed,9
43,WA,Healed,6131
43,WA,Suscep,1505577
43,WA,NoSymp,7397
43,WA,InSymp,2332
43,WA,Critic,380
43,WA,Isolated,19961
43,SA,Killed,4
43,SA,Healed,1578
43,SA,Suscep,2238196
43,SA,NoSymp,75
43,SA,InSymp,16
43,SA,Critic,3
43,SA,Isolated,191
43,TAS,Killed,29
43,TAS,Healed,28110
43,TAS,Suscep,417591
43,TAS,NoSymp,2253
43,TAS,InSymp,1448
43,TAS,Critic,225
43,TAS,Isolated,10710
43,ACT,Killed,3
43,ACT,Healed,103
43,ACT,Suscep,183832
43,ACT,NoSymp,0
43,ACT,InSymp,0
43,ACT,Critic,0
43,ACT,Isolated,0
43,NT,Killed,0
43,NT,Healed,50
43,NT,Suscep,359533
43,NT,NoSymp,0
43,NT,InSymp,0
43,NT,Critic,0
43,NT,Isolated,0
43,OTH,Killed,0
43,OTH,Healed,0
43,OTH,Suscep,3246
43,OTH,NoSymp,0
43,OTH,InSymp,0
43,OTH,Critic,0
43,OTH,Isolated,0
44,NSW,Killed,1001
44,NSW,Healed,659775
44,NSW,Suscep,5791363
44,NSW,NoSymp,46716
44,NSW,InSymp,167030
44,NSW,Critic,40307
44,NSW,Isolated,159498
44,VIC,Killed,49
44,VIC,Healed,105065
44,VIC,Suscep,5284749
44,VIC,NoSymp,9603
44,VIC,InSymp,1963
44,VIC,Critic,220
44,VIC,Isolated,51215
44,QLD,Killed,15
44,QLD,Healed,35345
44,QLD,Suscep,4209395
44,QLD,NoSymp,60
44,QLD,InSymp,449
44,QLD,Critic,153
44,QLD,Isolated,11931
44,WA,Killed,9
44,WA,Healed,7403
44,WA,Suscep,1502823
44,WA,NoSymp,9863
44,WA,InSymp,2191
44,WA,Critic,391
44,WA,Isolated,19107
44,SA,Killed,4
44,SA,Healed,1612
44,SA,Suscep,2238127
44,SA,NoSymp,133
44,SA,InSymp,27
44,SA,Critic,3
44,SA,Isolated,157
44,TAS,Killed,30
44,TAS,Healed,29199
44,TAS,Suscep,417587
44,TAS,NoSymp,979
44,TAS,InSymp,1478
44,TAS,Critic,167
44,TAS,Isolated,10926
44,ACT,Killed,3
44,ACT,Healed,103
44,ACT,Suscep,183832
44,ACT,NoSymp,0
44,ACT,InSymp,0
44,ACT,Critic,0
44,ACT,Isolated,0
44,NT,Killed,0
44,NT,Healed,50
44,NT,Suscep,359533
44,NT,NoSymp,0
44,NT,InSymp,0
44,NT,Critic,0
44,NT,Isolated,0
44,OTH,Killed,0
44,OTH,Healed,0
44,OTH,Suscep,3246
44,OTH,NoSymp,0
44,OTH,InSymp,0
44,OTH,Critic,0
44,OTH,Isolated,0
45,NSW,Killed,1083
45,NSW,Healed,700492
45,NSW,Suscep,5790127
45,NSW,NoSymp,37022
45,NSW,InSymp,144870
45,NSW,Critic,36023
45,NSW,Isolated,156073
45,VIC,Killed,49
45,VIC,Healed,111321
45,VIC,Suscep,5284748
45,VIC,NoSymp,7078
45,VIC,InSymp,1977
45,VIC,Critic,202
45,VIC,Isolated,47489
45,QLD,Killed,16
45,QLD,Healed,37593
45,QLD,Suscep,4209394
45,QLD,NoSymp,37
45,QLD,InSymp,350
45,QLD,Critic,113
45,QLD,Isolated,9845
45,WA,Killed,10
45,WA,Healed,8873
45,WA,Suscep,1501642
45,WA,NoSymp,10574
45,WA,InSymp,2111
45,WA,Critic,401
45,WA,Isolated,18176
45,SA,Killed,4
45,SA,Healed,1637
45,SA,Suscep,2238118
45,SA,NoSymp,110
45,SA,InSymp,17
45,SA,Critic,3
45,SA,Isolated,174
45,TAS,Killed,31
45,TAS,Healed,30197
45,TAS,Suscep,417586
45,TAS,NoSymp,264
45,TAS,InSymp,1235
45,TAS,Critic,140
45,TAS,Isolated,10913
45,ACT,Killed,3
45,ACT,Healed,103
45,ACT,Suscep,183832
45,ACT,NoSymp,0
45,ACT,InSymp,0
45,ACT,Critic,0
45,ACT,Isolated,0
45,NT,Killed,0
45,NT,Healed,50
45,NT,Suscep,359533
45,NT,NoSymp,0
45,NT,InSymp,0
45,NT,Critic,0
45,NT,Isolated,0
45,OTH,Killed,0
45,OTH,Healed,0
45,OTH,Suscep,3246
45,OTH,NoSymp,0
45,OTH,InSymp,0
45,OTH,Critic,0
45,OTH,Isolated,0
46,NSW,Killed,1152
46,NSW,Healed,739633
46,NSW,Suscep,5788783
46,NSW,NoSymp,27998
46,NSW,InSymp,124449
46,NSW,Critic,31818
46,NSW,Isolated,151857
46,VIC,Killed,51
46,VIC,Healed,117090
46,VIC,Suscep,5284743
46,VIC,NoSymp,4081
46,VIC,InSymp,2223
46,VIC,Critic,192
46,VIC,Isolated,44484
46,QLD,Killed,16
46,QLD,Healed,39657
46,QLD,Suscep,4209380
46,QLD,NoSymp,49
46,QLD,InSymp,251
46,QLD,Critic,89
46,QLD,Isolated,7906
46,WA,Killed,11
46,WA,Healed,10581
46,WA,Suscep,1501528
46,WA,NoSymp,9480
46,WA,InSymp,2151
46,WA,Critic,399
46,WA,Isolated,17637
46,SA,Killed,4
46,SA,Healed,1657
46,SA,Suscep,2237953
46,SA,NoSymp,272
46,SA,InSymp,14
46,SA,Critic,2
46,SA,Isolated,161
46,TAS,Killed,32
46,TAS,Healed,31073
46,TAS,Suscep,417585
46,TAS,NoSymp,116
46,TAS,InSymp,1130
46,TAS,Critic,132
46,TAS,Isolated,10298
46,ACT,Killed,3
46,ACT,Healed,103
46,ACT,Suscep,183832
46,ACT,NoSymp,0
46,ACT,InSymp,0
46,ACT,Critic,0
46,ACT,Isolated,0
46,NT,Killed,0
46,NT,Healed,50
46,NT,Suscep,359533
46,NT,NoSymp,0
46,NT,InSymp,0
46,NT,Critic,0
46,NT,Isolated,0
46,OTH,Killed,0
46,OTH,Healed,0
46,OTH,Suscep,3246
46,OTH,NoSymp,0
46,OTH,InSymp,0
46,OTH,Critic,0
46,OTH,Isolated,0
47,NSW,Killed,1211
47,NSW,Healed,776398
47,NSW,Suscep,5787280
47,NSW,NoSymp,20936
47,NSW,InSymp,105785
47,NSW,Critic,27724
47,NSW,Isolated,146356
47,VIC,Killed,55
47,VIC,Healed,122572
47,VIC,Suscep,5284742
47,VIC,NoSymp,1173
47,VIC,InSymp,1852
47,VIC,Critic,185
47,VIC,Isolated,42285
47,QLD,Killed,16
47,QLD,Healed,41485
47,QLD,Suscep,4209380
47,QLD,NoSymp,47
47,QLD,InSymp,165
47,QLD,Critic,70
47,QLD,Isolated,6185
47,WA,Killed,12
47,WA,Healed,12535
47,WA,Suscep,1501504
47,WA,NoSymp,7738
47,WA,InSymp,2287
47,WA,Critic,379
47,WA,Isolated,17332
47,SA,Killed,4
47,SA,Healed,1683
47,SA,Suscep,2237857
47,SA,NoSymp,363
47,SA,InSymp,18
47,SA,Critic,2
47,SA,Isolated,136
47,TAS,Killed,32
47,TAS,Healed,31859
47,TAS,Suscep,417585
47,TAS,NoSymp,51
47,TAS,InSymp,981
47,TAS,Critic,117
47,TAS,Isolated,9741
47,ACT,Killed,3
47,ACT,Healed,103
47,ACT,Suscep,183832
47,ACT,NoSymp,0
47,ACT,InSymp,0
47,ACT,Critic,0
47,ACT,Isolated,0
47,NT,Killed,0
47,NT,Healed,50
47,NT,Suscep,359533
47,NT,NoSymp,0
47,NT,InSymp,0
47,NT,Critic,0
47,NT,Isolated,0
47,OTH,Killed,0
47,OTH,Healed,0
47,OTH,Suscep,3246
47,OTH,NoSymp,0
47,OTH,InSymp,0
47,OTH,Critic,0
47,OTH,Isolated,0
48,NSW,Killed,1267
48,NSW,Healed,810799
48,NSW,Suscep,5784810
48,NSW,NoSymp,15764
48,NSW,InSymp,88065
48,NSW,Critic,23793
48,NSW,Isolated,141192
48,VIC,Killed,56
48,VIC,Healed,127613
48,VIC,Suscep,5284742
48,VIC,NoSymp,140
48,VIC,InSymp,1342
48,VIC,Critic,159
48,VIC,Isolated,38812
48,QLD,Killed,16
48,QLD,Healed,43029
48,QLD,Suscep,4209354
48,QLD,NoSymp,57
48,QLD,InSymp,121
48,QLD,Critic,52
48,QLD,Isolated,4719
48,WA,Killed,14
48,WA,Healed,14608
48,WA,Suscep,1501494
48,WA,NoSymp,5877
48,WA,InSymp,2367
48,WA,Critic,376
48,WA,Isolated,17051
48,SA,Killed,4
48,SA,Healed,1706
48,SA,Suscep,2237814
48,SA,NoSymp,394
48,SA,InSymp,17
48,SA,Critic,4
48,SA,Isolated,124
48,TAS,Killed,32
48,TAS,Healed,32630
48,TAS,Suscep,417585
48,TAS,NoSymp,20
48,TAS,InSymp,582
48,TAS,Critic,93
48,TAS,Isolated,9424
48,ACT,Killed,3
48,ACT,Healed,103
48,ACT,Suscep,183832
48,ACT,NoSymp,0
48,ACT,InSymp,0
48,ACT,Critic,0
48,ACT,Isolated,0
48,NT,Killed,0
48,NT,Healed,50
48,NT,Suscep,359533
48,NT,NoSymp,0
48,NT,InSymp,0
48,NT,Critic,0
48,NT,Isolated,0
48,OTH,Killed,0
48,OTH,Healed,0
48,OTH,Suscep,3246
48,OTH,NoSymp,0
48,OTH,InSymp,0
48,OTH,Critic,0
48,OTH,Isolated,0
49,NSW,Killed,1321
49,NSW,Healed,842701
49,NSW,Suscep,5782153
49,NSW,NoSymp,13294
49,NSW,InSymp,70341
49,NSW,Critic,19919
49,NSW,Isolated,135961
49,VIC,Killed,56
49,VIC,Healed,132171
49,VIC,Suscep,5284742
49,VIC,NoSymp,73
49,VIC,InSymp,1188
49,VIC,Critic,151
49,VIC,Isolated,34483
49,QLD,Killed,16
49,QLD,Healed,44284
49,QLD,Suscep,4209351
49,QLD,NoSymp,48
49,QLD,InSymp,74
49,QLD,Critic,37
49,QLD,Isolated,3538
49,WA,Killed,16
49,WA,Healed,16751
49,WA,Suscep,1501488
49,WA,NoSymp,3671
49,WA,InSymp,2551
49,WA,Critic,359
49,WA,Isolated,16951
49,SA,Killed,4
49,SA,Healed,1718
49,SA,Suscep,2237145
49,SA,NoSymp,1032
49,SA,InSymp,37
49,SA,Critic,4
49,SA,Isolated,123
49,TAS,Killed,33
49,TAS,Healed,33386
49,TAS,Suscep,417585
49,TAS,NoSymp,6
49,TAS,InSymp,324
49,TAS,Critic,65
49,TAS,Isolated,8967
49,ACT,Killed,3
49,ACT,Healed,103
49,ACT,Suscep,183832
49,ACT,NoSymp,0
49,ACT,InSymp,0
49,ACT,Critic,0
49,ACT,Isolated,0
49,NT,Killed,0
49,NT,Healed,50
49,NT,Suscep,359533
49,NT,NoSymp,0
49,NT,InSymp,0
49,NT,Critic,0
49,NT,Isolated,0
49,OTH,Killed,0
49,OTH,Healed,0
49,OTH,Suscep,3246
49,OTH,NoSymp,0
49,OTH,InSymp,0
49,OTH,Critic,0
49,OTH,Isolated,0
50,NSW,Killed,1367
50,NSW,Healed,871792
50,NSW,Suscep,5778969
50,NSW,NoSymp,12828
50,NSW,InSymp,53999
50,NSW,Critic,16168
50,NSW,Isolated,130567
50,VIC,Killed,58
50,VIC,Healed,136187
50,VIC,Suscep,5284742
50,VIC,NoSymp,33
50,VIC,InSymp,834
50,VIC,Critic,124
50,VIC,Isolated,30886
50,QLD,Killed,18
50,QLD,Healed,45327
50,QLD,Suscep,4209350
50,QLD,NoSymp,45
50,QLD,InSymp,43
50,QLD,Critic,21
50,QLD,Isolated,2544
50,WA,Killed,16
50,WA,Healed,18913
50,WA,Suscep,1501483
50,WA,NoSymp,1205
50,WA,InSymp,2394
50,WA,Critic,349
50,WA,Isolated,17427
50,SA,Killed,4
50,SA,Healed,1733
50,SA,Suscep,2236449
50,SA,NoSymp,1679
50,SA,InSymp,19
50,SA,Critic,3
50,SA,Isolated,176
50,TAS,Killed,33
50,TAS,Healed,34129
50,TAS,Suscep,417585
50,TAS,NoSymp,1
50,TAS,InSymp,259
50,TAS,Critic,52
50,TAS,Isolated,8307
50,ACT,Killed,3
50,ACT,Healed,103
50,ACT,Suscep,183832
50,ACT,NoSymp,0
50,ACT,InSymp,0
50,ACT,Critic,0
50,ACT,Isolated,0
50,NT,Killed,0
50,NT,Healed,50
50,NT,Suscep,359533
50,NT,NoSymp,0
50,NT,InSymp,0
50,NT,Critic,0
50,NT,Isolated,0
50,OTH,Killed,0
50,OTH,Healed,0
50,OTH,Suscep,3246
50,OTH,NoSymp,0
50,OTH,InSymp,0
50,OTH,Critic,0
50,OTH,Isolated,0
51,NSW,Killed,1408
51,NSW,Healed,898301
51,NSW,Suscep,5772478
51,NSW,NoSymp,17773
51,NSW,InSymp,40488
51,NSW,Critic,13042
51,NSW,Isolated,122200
51,VIC,Killed,59
51,VIC,Healed,139984
51,VIC,Suscep,5284742
51,VIC,NoSymp,15
51,VIC,InSymp,510
51,VIC,Critic,88
51,VIC,Isolated,27466
51,QLD,Killed,18
51,QLD,Healed,46111
51,QLD,Suscep,4209346
51,QLD,NoSymp,43
51,QLD,InSymp,31
51,QLD,Critic,15
51,QLD,Isolated,1784
51,WA,Killed,18
51,WA,Healed,20795
51,WA,Suscep,1501483
51,WA,NoSymp,264
51,WA,InSymp,1881
51,WA,Critic,318
51,WA,Isolated,17028
51,SA,Killed,4
51,SA,Healed,1747
51,SA,Suscep,2235204
51,SA,NoSymp,2873
51,SA,InSymp,61
51,SA,Critic,3
51,SA,Isolated,171
51,TAS,Killed,33
51,TAS,Healed,34855
51,TAS,Suscep,417585
51,TAS,NoSymp,1
51,TAS,InSymp,216
51,TAS,Critic,50
51,TAS,Isolated,7626
51,ACT,Killed,3
51,ACT,Healed,103
51,ACT,Suscep,183832
51,ACT,NoSymp,0
51,ACT,InSymp,0
51,ACT,Critic,0
51,ACT,Isolated,0
51,NT,Killed,0
51,NT,Healed,50
51,NT,Suscep,359533
51,NT,NoSymp,0
51,NT,InSymp,0
51,NT,Critic,0
51,NT,Isolated,0
51,OTH,Killed,0
51,OTH,Healed,0
51,OTH,Suscep,3246
51,OTH,NoSymp,0
51,OTH,InSymp,0
51,OTH,Critic,0
51,OTH,Isolated,0
52,NSW,Killed,1436
52,NSW,Healed,921737
52,NSW,Suscep,5767397
52,NSW,NoSymp,21310
52,NSW,InSymp,31119
52,NSW,Critic,10409
52,NSW,Isolated,112282
52,VIC,Killed,61
52,VIC,Healed,143233
52,VIC,Suscep,5284742
52,VIC,NoSymp,3
52,VIC,InSymp,297
52,VIC,Critic,68
52,VIC,Isolated,24460
52,QLD,Killed,18
52,QLD,Healed,46695
52,QLD,Suscep,4209340
52,QLD,NoSymp,40
52,QLD,InSymp,16
52,QLD,Critic,13
52,QLD,Isolated,1226
52,WA,Killed,18
52,WA,Healed,22636
52,WA,Suscep,1501483
52,WA,NoSymp,104
52,WA,InSymp,1529
52,WA,Critic,254
52,WA,Isolated,15763
52,SA,Killed,4
52,SA,Healed,1757
52,SA,Suscep,2232577
52,SA,NoSymp,5360
52,SA,InSymp,58
52,SA,Critic,3
52,SA,Isolated,304
52,TAS,Killed,33
52,TAS,Healed,35602
52,TAS,Suscep,417585
52,TAS,NoSymp,0
52,TAS,InSymp,177
52,TAS,Critic,47
52,TAS,Isolated,6922
52,ACT,Killed,3
52,ACT,Healed,103
52,ACT,Suscep,183832
52,ACT,NoSymp,0
52,ACT,InSymp,0
52,ACT,Critic,0
52,ACT,Isolated,0
52,NT,Killed,0
52,NT,Healed,50
52,NT,Suscep,359533
52,NT,NoSymp,0
52,NT,InSymp,0
52,NT,Critic,0
52,NT,Isolated,0
52,OTH,Killed,0
52,OTH,Healed,0
52,OTH,Suscep,3246
52,OTH,NoSymp,0
52,OTH,InSymp,0
52,OTH,Critic,0
52,OTH,Isolated,0
53,NSW,Killed,1465
53,NSW,Healed,942885
53,NSW,Suscep,5766004
53,NSW,NoSymp,20955
53,NSW,InSymp,23516
53,NSW,Critic,8141
53,NSW,Isolated,102724
53,VIC,Killed,63
53,VIC,Healed,146229
53,VIC,Suscep,5284742
53,VIC,NoSymp,1
53,VIC,InSymp,246
53,VIC,Critic,61
53,VIC,Isolated,21522
53,QLD,Killed,18
53,QLD,Healed,47107
53,QLD,Suscep,4209334
53,QLD,NoSymp,40
53,QLD,InSymp,17
53,QLD,Critic,7
53,QLD,Isolated,825
53,WA,Killed,18
53,WA,Healed,24200
53,WA,Suscep,1501483
53,WA,NoSymp,53
53,WA,InSymp,1184
53,WA,Critic,215
53,WA,Isolated,14634
53,SA,Killed,4
53,SA,Healed,1762
53,SA,Suscep,2230463
53,SA,NoSymp,7394
53,SA,InSymp,56
53,SA,Critic,3
53,SA,Isolated,381
53,TAS,Killed,33
53,TAS,Healed,36384
53,TAS,Suscep,417585
53,TAS,NoSymp,0
53,TAS,InSymp,154
53,TAS,Critic,47
53,TAS,Isolated,6163
53,ACT,Killed,3
53,ACT,Healed,103
53,ACT,Suscep,183832
53,ACT,NoSymp,0
53,ACT,InSymp,0
53,ACT,Critic,0
53,ACT,Isolated,0
53,NT,Killed,0
53,NT,Healed,50
53,NT,Suscep,359533
53,NT,NoSymp,0
53,NT,InSymp,0
53,NT,Critic,0
53,NT,Isolated,0
53,OTH,Killed,0
53,OTH,Healed,0
53,OTH,Suscep,3246
53,OTH,NoSymp,0
53,OTH,InSymp,0
53,OTH,Critic,0
53,OTH,Isolated,0
54,NSW,Killed,1483
54,NSW,Healed,961538
54,NSW,Suscep,5765850
54,NSW,NoSymp,18590
54,NSW,InSymp,17601
54,NSW,Critic,6227
54,NSW,Isolated,94401
54,VIC,Killed,63
54,VIC,Healed,148914
54,VIC,Suscep,5284742
54,VIC,NoSymp,0
54,VIC,InSymp,214
54,VIC,Critic,45
54,VIC,Isolated,18886
54,QLD,Killed,18
54,QLD,Healed,47404
54,QLD,Suscep,4209334
54,QLD,NoSymp,21
54,QLD,InSymp,10
54,QLD,Critic,3
54,QLD,Isolated,558
54,WA,Killed,18
54,WA,Healed,25536
54,WA,Suscep,1501483
54,WA,NoSymp,21
54,WA,InSymp,836
54,WA,Critic,175
54,WA,Isolated,13718
54,SA,Killed,4
54,SA,Healed,1774
54,SA,Suscep,2229233
54,SA,NoSymp,8485
54,SA,InSymp,151
54,SA,Critic,13
54,SA,Isolated,403
54,TAS,Killed,33
54,TAS,Healed,37165
54,TAS,Suscep,417585
54,TAS,NoSymp,0
54,TAS,InSymp,131
54,TAS,Critic,40
54,TAS,Isolated,5412
54,ACT,Killed,3
54,ACT,Healed,103
54,ACT,Suscep,183832
54,ACT,NoSymp,0
54,ACT,InSymp,0
54,ACT,Critic,0
54,ACT,Isolated,0
54,NT,Killed,0
54,NT,Healed,50
54,NT,Suscep,359533
54,NT,NoSymp,0
54,NT,InSymp,0
54,NT,Critic,0
54,NT,Isolated,0
54,OTH,Killed,0
54,OTH,Healed,0
54,OTH,Suscep,3246
54,OTH,NoSymp,0
54,OTH,InSymp,0
54,OTH,Critic,0
54,OTH,Isolated,0
55,NSW,Killed,1500
55,NSW,Healed,978374
55,NSW,Suscep,5765795
55,NSW,NoSymp,15852
55,NSW,InSymp,13784
55,NSW,Critic,4699
55,NSW,Isolated,85686
55,VIC,Killed,63
55,VIC,Healed,151514
55,VIC,Suscep,5284742
55,VIC,NoSymp,0
55,VIC,InSymp,171
55,VIC,Critic,39
55,VIC,Isolated,16335
55,QLD,Killed,18
55,QLD,Healed,47582
55,QLD,Suscep,4209332
55,QLD,NoSymp,19
55,QLD,InSymp,13
55,QLD,Critic,2
55,QLD,Isolated,382
55,WA,Killed,18
55,WA,Healed,26679
55,WA,Suscep,1501483
55,WA,NoSymp,7
55,WA,InSymp,470
55,WA,Critic,119
55,WA,Isolated,13011
55,SA,Killed,4
55,SA,Healed,1783
55,SA,Suscep,2229021
55,SA,NoSymp,8026
55,SA,InSymp,308
55,SA,Critic,13
55,SA,Isolated,908
55,TAS,Killed,33
55,TAS,Healed,38000
55,TAS,Suscep,417585
55,TAS,NoSymp,0
55,TAS,InSymp,105
55,TAS,Critic,34
55,TAS,Isolated,4609
55,ACT,Killed,3
55,ACT,Healed,103
55,ACT,Suscep,183832
55,ACT,NoSymp,0
55,ACT,InSymp,0
55,ACT,Critic,0
55,ACT,Isolated,0
55,NT,Killed,0
55,NT,Healed,50
55,NT,Suscep,359533
55,NT,NoSymp,0
55,NT,InSymp,0
55,NT,Critic,0
55,NT,Isolated,0
55,OTH,Killed,0
55,OTH,Healed,0
55,OTH,Suscep,3246
55,OTH,NoSymp,0
55,OTH,InSymp,0
55,OTH,Critic,0
55,OTH,Isolated,0
56,NSW,Killed,1514
56,NSW,Healed,993231
56,NSW,Suscep,5765783
56,NSW,NoSymp,12090
56,NSW,InSymp,11612
56,NSW,Critic,3517
56,NSW,Isolated,77943
56,VIC,Killed,64
56,VIC,Healed,153777
56,VIC,Suscep,5284742
56,VIC,NoSymp,0
56,VIC,InSymp,132
56,VIC,Critic,39
56,VIC,Isolated,14110
56,QLD,Killed,18
56,QLD,Healed,47704
56,QLD,Suscep,4209332
56,QLD,NoSymp,16
56,QLD,InSymp,14
56,QLD,Critic,2
56,QLD,Isolated,262
56,WA,Killed,18
56,WA,Healed,27754
56,WA,Suscep,1501483
56,WA,NoSymp,2
56,WA,InSymp,315
56,WA,Critic,99
56,WA,Isolated,12116
56,SA,Killed,4
56,SA,Healed,1794
56,SA,Suscep,2228993
56,SA,NoSymp,7290
56,SA,InSymp,508
56,SA,Critic,17
56,SA,Isolated,1457
56,TAS,Killed,33
56,TAS,Healed,38792
56,TAS,Suscep,417585
56,TAS,NoSymp,0
56,TAS,InSymp,84
56,TAS,Critic,31
56,TAS,Isolated,3841
56,ACT,Killed,3
56,ACT,Healed,103
56,ACT,Suscep,183832
56,ACT,NoSymp,0
56,ACT,InSymp,0
56,ACT,Critic,0
56,ACT,Isolated,0
56,NT,Killed,0
56,NT,Healed,50
56,NT,Suscep,359533
56,NT,NoSymp,0
56,NT,InSymp,0
56,NT,Critic,0
56,NT,Isolated,0
56,OTH,Killed,0
56,OTH,Healed,0
56,OTH,Suscep,3246
56,OTH,NoSymp,0
56,OTH,InSymp,0
56,OTH,Critic,0
56,OTH,Isolated,0
